variable,F1,F2,F3,F4,F5,F6,F7,F8,F9,F10,F11,F12,F13,F14,F15,F16,F17,F18,F19,F20,F21,F22,F23,F24,F25,F26,F27,F28
BALANCE_COURANTE,0.02371829961148064,0.22748404299171635,0.05266529112336691,0.040771492476187464,0.002268861507668658,0.39536014728298063,0.14121231782301888,0.009643522620908753,0.0013792423422633953,0.021809471816890972,8.879326377187018e-06,0.04874677463341256,0.00026210988009662514,0.010888814018381439,0.0003574146079037038,0.017332257962463994,0.00022781312478296952,0.005213982318483469,1.820107321213773e-05,0.0004754220222531731,6.459076843272128e-05,2.47934620564531e-06,2.273596339357958e-05,6.583525139078348e-05,1.0672698946010574e-10,3.45499690941602e-26,8.117969982125672e-34,2.5503915056835425e-35
CRDE,0.44396943772211894,0.04970609162066974,0.21197937118771493,0.0037067995867734503,0.09203844974005486,0.0010128978273108388,0.00106823274668031,0.061760778213515506,1.7189251109047235e-06,0.01117051163242316,0.005925432937842602,0.0059670473058290345,0.0017983959617442651,0.004379072078312456,0.10524105276733593,0.00011759735849126022,2.4849040506612017e-05,6.712238351328852e-05,1.7853372193434255e-05,1.6851557586225224e-06,1.3585364723269619e-08,8.522841598330692e-06,2.2230032267379817e-05,1.7098846331111322e-06,1.312609223573102e-05,9.254603740596574e-28,2.9651023411592477e-37,1.063034622655449e-33
CROISSANCE_PIB,0.24423061360486625,0.011231016998314441,0.015889487296181556,0.17558336634583688,0.0009951137709761602,0.05685050186326043,0.005949852381147999,0.0022281111539549712,0.2640708224611917,0.21618021360536016,1.5906294141263812e-05,0.0023010119603233256,0.0028630732104791704,4.796729522306095e-05,0.0009402315795867382,0.0005596553335587226,4.597619631739041e-06,1.2887555532859684e-06,3.3224312853550126e-05,1.1230143023692527e-08,2.0857188845231906e-05,2.3297885167008236e-06,5.119304695109565e-08,6.847560992484616e-07,1.0000907076014146e-08,1.605566940720748e-28,4.4355062594655123e-33,8.467363123525408e-34
DETO,0.2994528277453054,0.19205844470893915,0.006328354028081734,0.056272351854996495,0.3354738301777117,0.0021817341556872026,0.029560056537146634,0.007888138357542053,0.00589603419204531,0.039478427709140465,0.00997391221789251,0.0037666995357538377,0.0008583607287410025,0.0008024927429694324,0.00365772712567004,0.006038957568285857,0.0001774073272287424,1.5056090890919924e-05,1.9746491393879705e-06,7.664629691771263e-07,1.99711303508613e-05,8.560372654503785e-05,9.79615107367379e-06,7.293608554575914e-07,3.4571503848889657e-07,1.6682454006188267e-27,2.420082814667771e-28,1.0880417950028915e-33
EMAG,0.44893875217339246,0.31047902914151293,0.12489519590027882,0.002487596184486865,0.03080612682502604,0.05171203123885552,0.004760607222768492,0.0001080181675437335,0.00044460414961432936,0.0017011259192999994,0.010328903853456434,0.00012172265448279372,0.0032678884822859057,9.758181974794063e-06,3.325941291034205e-06,0.0004260093937629216,8.466613391763466e-08,0.00395057459095771,0.0018230047606361194,0.0036106154762826,4.3704158336028425e-05,2.9889607410155354e-05,6.375135145796149e-06,4.4317486463065586e-05,7.386879774751677e-07,6.230591846639335e-13,3.2854506168462855e-34,1.9070666447833035e-33
EMIN,0.04771342222434249,0.03854836179453221,0.3801775616452656,0.05218249928516625,0.05323672359220572,0.21340725109496572,0.033303306571009494,9.043113373213748e-05,0.008547583701189295,2.5021013411136844e-06,0.1361667969431462,0.003961001997638695,0.0038881914157925033,0.015309776074166196,0.00025686044406546976,0.004652486264319854,0.007392302987567145,0.0007501890116870091,4.977602778725159e-05,0.00013905798404623745,0.0002033751245282666,2.9068793622914843e-06,1.6004881012151153e-05,7.293572192715179e-07,9.014638493496697e-07,6.229023558231354e-14,1.159351115490192e-33,1.4494833580008127e-34
EMSE,0.5814371027361306,0.2609367161528634,0.026722484706703232,0.01586951220704477,0.0657133331806476,0.007041629656456695,0.01708630019786736,5.807225274759619e-05,0.0026949497763503415,0.0018548441807389518,0.00024091402066607804,8.368747922520696e-05,0.00629137099031885,0.0013793754550716652,5.054706929880275e-05,0.0018961306207769533,0.0008035595422468502,0.003126029434460597,0.0021484355309327164,0.004334848579795439,0.00013161683958066043,3.839722546521762e-05,1.5288992186392382e-05,4.342202874301857e-05,1.4311430962113652e-06,5.853665792710183e-13,1.5856675573037958e-34,9.72938938514571e-35
EVNA,0.29742702731662884,0.31718039604142395,0.01038517997814329,0.002119600812508037,0.07860826408551443,0.09767949478243916,0.025501590648294582,0.0021170039767729174,0.01434117134396646,0.01242585498751795,0.07122370906782466,0.00022326165908479186,0.0009890488254874759,0.05330535218178457,0.0016893728357320927,0.005924260932768522,0.0034441565480840632,1.5638343882349813e-05,0.00034858012524265975,0.004712588773383831,0.00018878310347160483,3.22148268618065e-05,8.318154914369098e-05,8.567974962167236e-06,2.5699279076983896e-05,1.1033868696994752e-28,1.3142033983481459e-33,7.389825100883977e-34
EXPO,0.4192660219636387,0.38779212153827447,0.07523644996105437,0.014948756507112939,0.020351628154312674,0.03008641198216865,0.0011141962843185316,0.0015844204646624953,0.007109678824678035,0.006491603338426548,0.005107184901842347,0.026154660593190195,1.2681123760349402e-05,0.00033153471929758815,0.0003874439044454096,0.00021716388878794088,0.0006612662043407877,0.00012552019907188764,1.7417265531703365e-05,0.0010853312236631023,5.631332130839931e-05,4.9679295455397e-05,0.0007818967741908191,0.0010303133224816928,3.0424398554171884e-07,5.992047601268016e-25,5.118772481986627e-33,2.322335343887255e-30
EXPORT_MARCHANDISES_USD,0.14953160094162113,0.219098044435376,0.03417991445594886,0.13523943915832679,0.02422030909207887,0.051814041247382606,0.1376792454251403,0.13305716367849915,0.012871304967250773,0.008349957923541857,0.0006189098475219268,0.005945892548670671,0.027901795040076283,0.04951253709677191,0.003963338050488114,0.0042991835897520465,0.00014020042940699452,8.64065076652189e-05,5.651074382822187e-07,0.00042114909588749706,0.0006348844193903431,0.0004180945863764968,6.757720402271948e-10,1.4697408624613565e-05,1.3242709912693297e-06,4.127709073854388e-27,2.1909903855764086e-34,2.191835366959217e-34
FBCF,0.48548311367737723,0.010583722994525264,0.021813427932036687,0.010159867601605928,0.12120755124633899,0.10967685497917752,0.06396897452543852,0.011243868037136352,0.0001157380484508814,0.03317424552254346,0.07395429473474795,0.00022715029413229428,0.02570234907219787,0.002158119223815022,5.7639858777191586e-05,0.01631669821338674,0.004538069950489634,0.007584402018414889,0.001297049412748627,0.0006362712090289775,9.606110716739928e-05,7.115231896941917e-07,7.498171840435673e-08,3.0799974397511356e-06,6.63838115359313e-07,2.2549975056027022e-26,2.028630038969588e-34,1.8376837449300172e-33
IDEE,0.015730739560507457,0.017662891427504053,0.01807957978443705,0.2395652857168218,0.1563804818194843,0.09399783457415582,0.03949471620419227,0.10799268758137062,0.18407826806384522,0.08292734730492081,0.0032742708202383114,0.03404613840477965,0.0053210910586972025,0.0007725115091478631,0.0003603559710801109,3.450754074253393e-05,0.00017150717330953358,5.6985017851517706e-05,4.896315589039345e-05,2.9115576920685763e-06,4.988009094714004e-07,1.6535650289227378e-07,2.4183329703002894e-07,1.4580008507647306e-08,5.182614077313432e-09,1.6559442743522137e-26,5.105194011481325e-34,6.249004641728542e-35
IMPO,0.5525684811695775,0.27459713482975834,0.040078941228210915,0.010987964065537087,0.007735287722157308,0.006562255223431638,0.011317045117199801,9.227168111826467e-06,0.005476765197966418,0.0026637379498019144,0.022597203006542017,0.057749980812710176,0.0010457024484543844,0.0011699876222919334,0.0010419952707366265,0.0001315574289818297,0.0009015429479713904,0.0014353042226838532,9.591871211045135e-05,3.2883126654100046e-05,4.177261037553703e-06,8.599801993236503e-05,0.0007106032459338542,0.0009996214180282882,6.847841788635932e-07,3.8235589172335934e-25,5.383701325668877e-34,1.698672466262644e-30
INFLATION_CPI,0.0023370585009139405,0.08762173551315702,0.000310133122504901,0.002938826770062391,0.012303702300451124,0.18187536135840357,0.42151940646121233,0.1641703531224462,0.0810953466181975,0.01596956084657665,0.0077245549982732815,0.001643380512483579,0.013439200153961007,0.004123915280714153,0.0001320119064401193,0.0014824548868552167,0.0004406243333834431,0.0007323038001082836,5.7209949260653495e-05,2.936202961108462e-06,7.583170512701116e-05,1.6055826806146513e-11,3.4939768626655985e-06,3.2097784093035516e-07,2.7668574849683756e-07,5.9390297489266424e-27,6.941245109358582e-34,1.4809282019964031e-33
LFPRF,0.004124093833548605,0.5857083826523275,0.3642867107054589,0.007569292680701413,0.002012716675191008,0.000465807320359191,1.4322066008507858e-06,0.0006684001179456946,0.00043998570993103025,0.00040844345991999275,0.013421279718135695,0.006551901277838622,0.0071096704202217005,0.0007249884759785566,0.0036455007559719685,0.0002210058123480984,8.76166732387592e-05,3.962531659803931e-06,4.5751352021528454e-06,0.00044052745273216287,0.0005654990336791731,4.463201481957994e-05,3.044213131151673e-06,4.189307964759661e-06,0.001486341815093965,2.242812222923983e-24,1.6456208227275684e-34,1.8537029867737054e-33
OUVERTURE_COM,0.4886319546826896,0.3409816397213462,0.05906679224221799,0.013350818602180781,0.014141731213703134,0.01758026023338334,0.0009566307608305519,0.0005396342806010945,0.006476787268373708,0.0046321617770857465,0.01182636181206866,0.039952582347035484,0.00028619912802851607,3.417709484868077e-05,0.0006620630591317664,7.68280425232446e-06,4.160047538724513e-08,0.0005605156267266626,4.651989987209651e-05,0.0002374404270430873,1.004001560762791e-05,1.823888047659686e-07,8.970152340914386e-06,8.806376004278836e-06,6.485346761126908e-09,1.9169144951597384e-26,9.033350637348734e-33,7.148720495587847e-30
POP_ACTIVE_TOTALE,0.5158216027300995,1.6956049505036846e-07,0.1322130307309938,0.05761091012850199,0.10258567235522552,0.0524466894337811,0.04095045767339022,0.060434039320743746,0.0002750634039257859,0.003099258128214357,0.004439746775451214,0.0009212416147555583,0.00372021588845614,0.014742320538801985,0.000932188609366911,8.963152948402098e-06,0.00023719994187334706,1.3888926181859036e-07,0.0006039080619743485,0.0017048304611776166,0.004839066263368311,0.0023450092717490338,3.9091530347070793e-05,2.916275499203928e-05,2.2780104816106057e-08,1.4478767142847646e-26,1.188267049827057e-35,7.195569652734303e-33
RETO,0.2624545126352924,0.2333877911698187,0.02000419856173049,0.001145063805915387,0.40422938524646,0.00790847123971877,0.017957958088317707,0.0019548339216363163,0.004870440481233874,0.017456689388480287,0.012361956505352954,0.004265913489268167,0.002443507113474404,0.0005023421386654816,0.0034184371452795352,0.004944991137851118,0.0002510855513280896,6.477411658563855e-05,0.00011683820946275722,0.00012387340781663445,6.65193986210141e-08,0.0001140737718674249,2.0993724929457402e-05,1.3050219452487855e-06,4.976081689014332e-07,4.298147387458909e-29,2.5332591594086884e-28,4.96051546141046e-34
SOBG,0.008035664821487345,0.0483767793764584,0.06513934314965227,0.6288110847570292,0.07833832242580813,0.030077741358124063,0.018533022239662297,0.029078290686102907,0.00044016409161878493,0.06171916583576886,0.002970180719687777,0.00045889922217514674,0.0069471508040381946,0.00044504413125758636,6.278047676407189e-06,0.0005048806624716075,0.013366958673391712,0.0022496421142542754,0.0023817495963892148,0.0016941873250584751,0.0003432050610156955,4.31853382659089e-05,3.7262776192972875e-05,1.5217255734072762e-06,2.75060839950439e-07,3.9944116892871566e-26,1.5676266117584544e-29,4.2853565911487325e-35
SOPR,0.00038138272017142894,0.010802748391673592,0.08000451064848689,0.584510071746077,0.1393040319556942,0.022556787182423415,0.056603571365566326,0.001598238286127686,0.016447887161608322,0.0006808453813459546,0.011191987414532215,0.01981202720215754,0.03586484537457726,0.002989512688793227,0.00022587480792933768,0.0023120117307330497,0.010225727526854994,0.001123799306933256,0.0010318556393229315,0.0018511668464858985,0.00040614008577839484,5.803831559752768e-05,1.536341808771467e-05,5.172265184332957e-08,1.5230803903001805e-06,2.712521831452894e-26,2.798305606334859e-34,1.802096848249385e-33
TAAC,0.0090259062003758,0.6236974323462211,0.30058672334517134,0.016004402017878668,0.00820375138181885,0.0010646699152721728,0.00015070494372183935,0.000320982939216769,0.0007276676205017501,5.206722715186362e-06,0.016168223346497514,0.006248692403771462,0.0045512413936699666,0.0005232489712321776,0.00783959306109636,0.001049218194997193,0.0006042910214242263,4.016003459427424e-06,0.0003007275823314462,0.0001991495829221182,0.0003238256838551724,0.00018850361069155323,0.0012589432545800751,0.0004784953327274779,0.000474383123850056,2.8204805738174575e-24,8.394127369389239e-34,8.373318941053344e-33
TACH,0.36435336497224513,0.3986349043267332,0.0028321197639778095,0.02632318579975755,0.0014379837213040075,0.01712316637866753,0.00563232518066905,0.12000460306015331,0.008243650497688191,0.002915855998970853,0.00045362930251718886,0.027061234802030883,0.007419110140001841,0.00046776889349723765,0.009218402167679704,9.2032077905726e-05,0.00033200704930125985,0.0006259479432224799,0.0006119444650817796,3.234818827095347e-05,0.003618291120235817,0.0020131877346769482,0.000317576937214029,0.00016782723915641793,6.753223904037071e-05,2.610639426493124e-26,9.544407174892973e-35,1.8706828336612948e-33
TAUX_EMPLOI_15P,0.17077772875683986,0.5021701829589154,0.25772781023685526,0.017735053689554078,0.002254667630301111,0.0006813167843719856,1.4564567501908462e-05,0.0077427803516995075,3.3871824118405105e-05,0.002791953866308597,0.023105112407623207,1.5818989939211419e-06,0.0011340100772321345,0.001144414766941986,0.00603231023196988,0.0016432233995999441,0.0010173624915048491,7.433850545359638e-05,2.5752182790537284e-05,0.00025092919330899576,0.0009656246865091802,0.00044785457886168035,0.0014397366958073293,0.0004777176543500965,0.00031010056258633467,2.709958048159511e-26,2.778029442313245e-35,1.8154935435684074e-34
UNFE,0.39333330725219834,0.3692784856929843,0.001360628172265391,0.009166645858638687,0.0035292839149147185,0.0018912685672916422,0.014556823322904934,0.1195628132400554,0.0049686281213894125,0.0009184903145591096,0.0008662838196260932,0.041895175081392705,0.021344639160753128,0.0010988915212782184,0.008141631899155533,0.00042580254981847376,0.0006797197478934677,0.0004282279061650506,1.143865295270603e-05,0.0002834630229918558,0.0034873791614054893,0.0026796267914579327,4.2238916930697045e-05,3.934544671926845e-05,9.761864257274964e-06,9.72864656259691e-28,1.7567780201020792e-34,6.0111440804868834e-33
VAAG,0.6467140178394802,0.16329329236494794,0.0669552842441285,0.001226159687335262,0.0002020285490536015,0.03566471954961976,0.0005771195973893882,0.012410005025573295,0.0012978971885404032,0.0017263088260988319,3.60327063942482e-05,0.007920528113691996,0.0009505807054432739,0.005383892679435617,8.252693390113954e-06,0.01674958140825622,0.012093223812261963,0.026357514334812624,0.00014813338969623942,9.600483062280767e-05,2.2701771492614525e-05,8.552334084855256e-05,7.903959506386396e-05,9.240492626120018e-08,2.065341495800774e-06,3.487481616836942e-26,1.0728840332540516e-34,1.6698182796918976e-33
VAIN,0.6999546796497439,0.030480925140589497,0.08680548418307624,0.001136392958201392,0.0231829157778986,0.0018794479457009362,0.003830152442350453,0.00676609455891667,0.002596224012143059,0.0030084008322208713,0.02186911596603497,0.006478522063322023,0.06837913476272099,0.007454977067334245,0.002264215054614958,0.017762658051857876,0.011039820492750737,5.597930839979451e-05,0.0045964311654403305,0.0002534647913304333,9.064404227163412e-05,3.563753759221097e-06,8.730845654861151e-05,1.4015386064635783e-06,2.204598416534156e-05,3.7257620171992337e-25,3.5429733541531746e-34,5.9262021701766566e-34
VASE,0.8194832167886732,0.06999391354930348,0.0008488817781682955,0.0003565005578333196,0.013357948683893891,0.008477472176460218,0.00025950490260927034,0.0035669650998288874,0.0002837342654926153,5.6720246440416894e-05,0.011468977619331638,0.02278671054926924,0.015598553930229395,8.152954612356454e-06,0.001850366668203742,0.004547188926340985,0.003927042949217261,0.0058846803262435155,0.01676960757357655,0.0001840794528603392,0.0002622699353631263,2.734417249810547e-06,1.2405258802179088e-06,1.1685943550420778e-05,1.1850179368511709e-05,2.9332368123562883e-25,1.3246558104087129e-33,1.4981513191477524e-33
WSWF,0.47114201035739917,0.19557749063177438,0.24464325448850807,0.0005132364275191939,0.021170136152529797,0.001652821919435154,0.008110716355018071,0.0010731125488244787,0.0009298314948282243,1.958900734382187e-05,3.312261236175467e-05,0.0005648191518137279,0.008361459945304232,0.03192833518039838,1.0944160695068635e-05,9.196868554366799e-05,0.0016876541783245793,0.0003979549312546811,0.0005313689672602543,0.006527517383111572,0.002907188336658092,0.002104937706381566,1.1213961822939054e-05,5.417805056121456e-07,8.773635382513998e-06,5.751017201052091e-26,5.7700565989858605e-34,1.019389220834563e-34
