country_iso3,year,F1,F2,F3,F4,F5,F6,F7,F8,F9,F10,F11,F12,F13,F14,F15,F16,F17,F18,F19,F20,F21,F22,F23,F24,F25,F26,F27,F28
CRI,1991,-0.6832727233066608,-2.1362543172265887,0.794962192093528,0.2859067574705847,-1.7187533796306396,-0.3696887621523258,1.6066213333913122,2.7825696223712355,-0.7344571102959502,-0.49123050785307326,0.5152863673618329,-0.15928080593827992,-0.4497457567085313,0.2877562159928881,0.5010487804799664,-0.08273357723213844,1.0059618789061748,-0.2409593079089875,0.19060649550595948,0.22405040980525254,-0.16414809272482717,0.10838670571421592,0.014605668030348351,-0.05241210980167561,-0.030436695212996245,-5.900958158730952e-07,8.116763218816967e-16,1.8476723228323154e-15
CRI,1992,-1.2823753126526973,-1.9093875494509331,1.1258678180776385,1.3280635427197751,-1.5709270486212181,-0.8895190230444242,0.9334504130391307,2.5831513202224903,0.828123928916456,0.23638901697530015,0.35199430476403787,-0.046826362055047005,-0.4047633392750854,0.11019850712919081,0.4100176682851014,0.07334054740848682,0.8645221872166649,-0.29415520502371284,0.11125237426557433,0.15520377899197096,-0.05978669486087485,-0.04326399412780113,0.00695446550487131,0.010476284537655521,-0.0075638104444058045,3.7856840061680944e-06,-5.587971306050203e-15,-1.4503821621969123e-15
CRI,1993,-1.1669057913451137,-1.6222958445961844,0.9013520397245534,1.216627608817247,-1.6980439578208069,-0.5735487615885785,-0.14503061973899453,2.0813871220274023,0.9825869479540698,-0.4792422195217905,0.3519002630272856,0.06408083824469697,-0.7225410613195002,0.12650615208708238,0.4461502187974893,0.2939021748491674,0.6618404577721373,-0.15798081708633377,0.03851011800729582,-0.09293295562694287,-0.050802873887807194,-0.010768713399450524,-0.027256021269504986,0.0010942563657255966,-0.07053298478083188,-2.1308996024059822e-07,1.1065073064048735e-14,-2.202178908648609e-16
CRI,1994,-0.8947241860389458,-1.4787375296477634,0.4836759966311641,-0.43036690164765234,-2.2030670333790403,-0.5035416976346537,-0.0926621440061482,2.352010170910195,0.4002382161260445,-0.08503975946332457,0.289544988284344,-0.44635133469997934,-0.451898123826082,0.16196871938544657,0.4758884031773883,-0.035718941742230836,0.7148371122531487,0.244404488962162,-0.17064214907346212,0.02615066688800049,-0.025746269590347048,0.06286114364985798,-0.07095534771436636,-0.05871574773065924,-0.05077572932166763,3.55955541790537e-06,3.685644188842817e-14,-5.395613001791126e-16
CRI,1995,-0.7819874517295045,-1.6984371421567048,0.4893947614751504,0.4749176344613488,-1.7919769033897242,-0.4954352848179231,1.0041090834069302,2.546168624458771,-0.23126326039434483,-0.18264444832279347,0.10745882124391622,0.07431204480588348,-0.3157975567843369,-0.01972356016216225,0.5117428351333044,0.1788081009038835,0.5367725200609387,0.09852793650571867,-0.3071964960371197,0.10687184528545797,0.0020506580299291905,-0.032459454586601176,0.02167439680258331,-0.019456286795040363,-0.05761960062346856,3.602073070401167e-06,6.637142151856528e-15,1.7388945878487888e-15
CRI,1996,-0.29417126956945605,-1.7404723388208068,0.637342054817263,0.01647661389842334,-2.120817058458874,0.026489635690582814,0.6379712925597526,1.9687419133612643,-0.7118314116487118,-0.36835047097483054,0.09289886103803889,0.1055429829091768,-0.5922976505994902,0.08489571066766884,0.47013842269290246,0.3632754628406025,0.5463025353783841,0.05376687845351738,-0.3078159203185709,0.0912103085251838,0.21095149094333224,-0.009026832828221207,-0.057345308254793524,-0.036722048727559534,0.041527801676382384,-3.510093940242468e-06,2.3500887523789186e-15,-3.02320838623236e-16
CRI,1997,-0.7599988401279184,-1.470551160392635,0.44969516686516,0.6691537971769705,-1.929547602062822,-0.17716971189748304,0.3684465612657415,1.8030031162749856,0.2814230623847541,-0.04999972070085127,0.15534890284847205,0.3898305325295845,-0.5164454291109498,0.12417502300583413,0.48410444596653246,0.33890834938054354,0.48253893997684244,0.09096087253407503,-0.36086703747084337,-0.05531324407757744,0.03866365686292898,0.05212030338930076,0.0009093594409614673,-0.0464960447919179,-0.012485984901838214,-3.1707149611698715e-06,-2.0774584880271735e-14,1.0471336938550736e-15
CRI,1998,-0.992126483152539,-1.1403456862125472,0.3279884196286367,1.0915530143577332,-1.9594885625977239,-0.40273856755452236,0.12480474692756865,1.448574766627061,0.405606539414527,0.1960499363970359,-0.11353504569738944,0.40456869041216925,-0.278885704177523,-0.026961057630505138,0.5012524505178964,0.10459842262082476,0.41579645339364174,0.28804796095108803,-0.41792718703151344,0.03279251081528076,0.08153042393344441,0.08536293615667902,0.018989637693129578,-0.02798379877361904,-0.037695849514130464,-2.9257100151658107e-06,-2.9235461084103894e-14,4.844088246119377e-16
CRI,1999,-0.4708201207575389,-1.1493156052797797,0.2533563642244795,0.9962930593173884,-1.833721628169344,-0.257234355955672,0.06883247093936037,1.3247108129867107,-0.04586209221234275,-0.3635581068891067,0.049733487712199334,0.44414919558650495,-0.5600511538112173,0.11102965042263513,0.44601217882924143,0.2464992730086897,0.195156201001169,0.13613285447278575,-0.39691849050507055,0.01602518607772475,0.09982229590348021,0.09949558919701598,0.03975586591587697,0.01634911520185399,-0.018873088566110287,3.106370080206693e-07,2.544757129203373e-14,5.302284411985529e-16
CRI,2000,-0.23543623105173625,-0.981890849830668,0.05987117845576181,0.7138079433244225,-2.139804974041421,-0.36540261649809164,0.05201253172576371,1.4952512197821262,-0.0487204839261858,-0.2083941781734902,-0.10420450379698953,0.10744653510029231,-0.7419036312836176,0.03527634743269788,0.18092927003910703,0.16383854499207237,0.056399027804571636,-0.14753968619600438,-0.19882031154998214,-0.10295802394884758,0.10997711033164911,0.05808974787718861,0.011338232225788206,0.06954550600986838,-0.0507610454448578,3.131873508005111e-06,-1.754596077411751e-14,1.1558706886875954e-15
CRI,2001,0.1461356925547266,-0.9449815980566241,-0.06934695511548981,0.6977813518522524,-1.8767677723896703,-0.1770769002006456,0.34776209461967456,1.3512843603121296,0.01326661172581384,-0.35909201839033783,0.045925256014625195,0.23785135994555923,-0.5779898746153456,0.19542014997767473,0.21431475911132133,-0.03264234241864505,-0.07346462281191152,-0.08625244102223936,-0.23400740560308372,0.05931892356840281,0.062240532939297724,0.05358276018473371,0.03781815247711632,0.027828309026250397,-0.027264061737632708,1.6568090015649648e-07,2.6640285255842307e-15,-1.2137432283694754e-16
CRI,2002,0.3635231252399603,-1.0559750961984848,-0.3885064887254838,0.31161186524893614,-2.1070091281269705,-0.4004995058193184,-0.07276642625460564,1.2067728240380882,0.08354691030030187,-0.184304528930439,-0.12822423265474586,0.3089726344465651,-0.6224115569979253,0.08515012974394322,0.14212857028873188,0.17126199522186666,-0.19002692212442743,-0.09591275866487184,-0.28663916926069205,0.02139762234796705,0.07640589809297499,0.05664126890143521,0.014692340016136184,0.03648401769591545,-0.052422691835470825,2.1160736105845444e-07,-1.5807460737705517e-14,-3.8562351469079024e-16
CRI,2003,0.36729018841279315,-0.9721683894110131,-0.27510827906278357,0.9440815500364702,-1.8955277155711618,-0.3111512416303848,0.18904058668468665,1.0198602741957623,0.13403090537684448,-0.17212032416204276,-0.15822290912631146,0.5888234798954639,-0.6635056348729653,0.08354996927107566,0.04442323566055412,0.21262447302202714,-0.11555235474196487,-0.05893757496110515,-0.2658701017055047,0.004955165518625361,0.07200003119790256,0.043523726231267844,0.05545119396951005,0.00739622547427814,-0.07524590288031899,-2.5728558703474027e-06,-2.6161400772784462e-14,1.6323698333555113e-16
CRI,2004,0.29290530419511673,-0.9915666904914177,-0.17964576365979226,1.0296726192379524,-2.093564634294057,-0.40087955384288904,0.4525037643249231,0.8943021407382862,-0.2077807323412637,0.13143814111941962,-0.337271222198675,0.368789291220576,-0.6194339486289012,0.11841296440829539,-0.13705907232037876,0.12649509672571754,-0.053332932733309614,0.011693035635183402,-0.268694581062798,-0.005935262963250812,0.07892856721533985,0.11744447192847493,0.03590046481218339,0.010036884854862337,-0.07187051407380694,1.4334321457208324e-07,4.5161155653532404e-14,1.9182226360573716e-15
CRI,2005,0.3533892882571086,-0.7199705465927805,-0.3807006625353486,1.6166902919989665,-2.1910846084490836,-0.5225894378608548,0.553478411430919,0.5346527386929382,-0.7424018825682269,0.1322187275777876,-0.3952312791204537,0.5817934773771937,-0.5307220402449082,-0.015247852354438499,0.06061972959720553,0.06020347050961182,0.10654040257238968,-0.12491058653479743,-0.17940228085724114,0.12875948860576292,0.18726605285911604,0.19186160935770505,0.05043106615682954,-0.0004933759974954045,-0.05730176584434535,-2.5823608679461096e-06,1.5131472829684191e-15,2.233741018111351e-16
CRI,2006,0.1667114761480109,-0.5274905248290526,-0.15806960338691314,2.291628125201729,-2.096943530871572,-0.6462982669719228,0.5081068222383107,0.43823307651279725,-0.06345138295048126,0.5366033593621793,-0.4320376731401886,0.5202344492955905,-0.6785677594728033,-0.012422608820101422,-0.056443535936862424,-0.02071091809693514,0.13692953149057308,-0.07368413763424783,-0.11977642899953306,0.05179539404276115,0.17164355076705695,0.12836754368539094,0.043373517225917015,-0.05761432550735177,-0.02603815414698379,9.500217058961102e-08,-1.0366694181434447e-14,-1.622594838872162e-16
CRI,2007,-0.03927627645147475,-0.19758620677131256,-0.10034019239325473,3.0404985080621034,-1.78258402887456,-0.9334641211690584,0.2142786275629447,0.4700998707943569,0.1770965119145642,0.28326080109086266,-0.42429537128904027,0.3097715077849142,-0.754326503831447,-0.14497555460936506,-0.19852044354348555,-0.08684336733997965,0.10535304950347077,-0.08579632523363066,-0.07273781243020348,0.06086832557109061,0.16767938030161347,0.06545714520830136,0.04291458905434814,-0.07830485997117892,-0.05058350702021574,1.6048117094569435e-08,8.098253011248198e-15,-7.762976701518841e-17
CRI,2008,0.2518236994373803,-0.27753447006494336,-0.293968928009423,2.475596127320984,-1.8090727966785247,-1.3029601429860254,0.08878948866777069,0.8015714106328657,-0.3996846948102574,-0.41624365902264215,-0.7959722070429307,0.38530278136128393,-0.6012320750283082,-0.40539117120318874,-0.24788884735940084,-0.04739986712422171,0.017416040861347983,-0.3065441728065415,-0.045589352570032056,-0.16630989958867243,0.002455822176578745,0.0101833248240316,0.03254946395089493,-0.12761790578350807,-0.02629070166451569,2.4442275553592944e-06,1.7217543885346513e-14,5.199645467796124e-16
CRI,2009,1.4115274629048167,-0.7116935987082659,-0.6882027724738219,0.1755981246341617,-2.3588427811039243,-0.08567596581129418,0.15223249686094947,0.3969278152316289,-0.5923319233956182,-1.0511474784098755,-0.3902441033217691,-0.050733493282317396,-0.23980129768424338,0.12335626102662901,0.03412429379519219,-0.3136211138393161,0.06397129627181394,0.20305577393403093,-0.07938029548895514,0.008508827082113778,-0.031252495460768685,0.044363716501130926,0.048748639226516365,-0.03783939541099045,-0.01500021565872532,-2.3541337697120083e-06,2.5082007409351135e-14,-6.312408532564994e-16
CRI,2010,1.3454901838880824,-0.8127536883916386,-0.8518541344430374,0.08471509012270538,-2.651058527446317,-0.4680490162964194,-0.11711617841682227,0.4669461352586233,0.8460592788449111,0.21245255988523667,-0.5125656765293992,-0.13391837127089135,-0.16000867896530427,-0.06577021131961047,0.012395665192688218,-0.21889310412485907,-0.05391103836055978,-0.033456302401605756,0.1285437627053503,-0.02658395827172015,0.03800589708722436,-0.04566279975735927,0.00877063389905914,-0.030917234408731637,0.044730117435398474,1.845813329250623e-07,-1.2399435783028295e-14,-1.4824838510318865e-15
CRI,2011,1.8013009696083955,-0.992462725420723,-0.9179138994528729,0.5212412269203769,-2.6403784020008136,-0.5639796935733176,-0.13307234458054762,-0.2667742074026872,0.31120414076690345,0.058717064956591944,-0.49630863839576717,0.43645983861677495,-0.12980065044772496,-0.05453723432088524,0.3091603017414443,-0.15016027112143285,-0.08369320427011251,-0.20879601360443287,0.12289690198405392,0.029582541863346377,0.03142246088034359,-0.01820519835131121,0.04228291108014035,-0.07090937446129938,0.05753413435511561,-2.1788045578650334e-06,1.0064461291574366e-14,1.2222297956219667e-15
CRI,2012,1.794627470169594,-0.5344082822657452,-1.4023692513285426,0.5198719811707375,-2.637324756144523,-0.5817370764428921,-0.11759895800096927,-0.04986543650661453,0.6423515702061581,-0.03041485622550566,-0.48156550852962193,0.4167174379771516,-0.010826126337464314,-0.10570541106142589,0.46513849576993516,-0.3197749773281775,-0.2816244319966336,-0.16781129110890744,0.07659639873790357,0.04989469600684916,-0.05889377614431449,-0.06509896382506775,0.06935075391004397,-0.12565009786253611,0.012793418365633044,-1.983769877903702e-06,-3.080149351483476e-14,9.58840721440824e-16
CRI,2013,2.0483181283687935,-0.39721212490273183,-1.7460977457979394,0.19940811114430484,-2.8497364137825376,-0.5450368789936711,-0.17176152040416717,0.18596675629491974,0.22977881296576902,-0.2370046357028463,-0.756355082570152,0.02938026948060563,-0.24062117053874912,-0.19124661948089547,0.30804878549228415,-0.2521096863919736,-0.4834637452836707,-0.07209210494272351,0.04972977141480027,-0.08541893958512278,-0.03290536451330516,-0.03565055904334928,0.03120646752818441,-0.10387598223414145,0.04191990311627703,2.7626504658297625e-07,-1.4526670479176614e-14,1.0522269948662262e-15
CRI,2014,2.0013876145334932,-0.45820451018574276,-1.7679037676256382,0.13186473404555865,-2.798609167789548,-0.6232427929456459,-0.25922505485993574,0.05493499824251034,0.3994480285959894,-0.009280812414671859,-0.6432883442847359,0.23140564336134395,-0.2730335891522413,-0.10352548672015434,0.37302283894717775,-0.4351040765080552,-0.37032307311582163,-0.04682538184917932,0.1430338871497854,0.036438804924521215,-0.056907389476894193,0.03724206387879602,0.05816015971254925,-0.05348045540392671,-0.021680616692333274,-2.0350179919348954e-06,3.345546186495494e-14,2.036928071271824e-16
CRI,2015,2.139171015526579,-0.5447174898442445,-1.568310701103259,-0.06306016596485052,-2.6491406083589326,-0.3587471112497125,-0.39843340297917956,0.025382654229023385,0.7434573911409539,-0.0894577937240962,-0.414739959639637,0.13814248399811574,-0.5347176651117016,0.18221259392600425,0.29094742042776733,-0.5288288228886093,-0.2725531371301297,0.04684404005431676,0.27485306566875656,0.15182489852992515,-0.0780448312934938,0.026992872322401478,0.0921121589973739,-0.014647736458540884,0.004599094711980214,1.0650714354202111e-07,6.210304589714662e-15,-2.814083511087039e-16
CRI,2016,2.162608038982127,-0.7103499353988013,-1.161307981914757,-0.022620035474411795,-2.5156498678064776,-0.036279173155717354,-0.26154610500260517,0.052757224339074434,1.0074755235690775,-0.04708683536570754,-0.5575127852518736,0.09122051328392347,-0.6533118085326017,0.14107434337206234,0.03832179833829397,-0.5289152702590979,-0.2822693699242007,0.12853029107651406,0.3270970321047723,0.06268350116128801,0.022460370978241256,-0.022999078869369454,0.04901860972177434,-0.0009490812253918184,0.05195247565029213,1.93503234656299e-07,-3.0256680078596055e-14,1.179125290825614e-16
CRI,2017,2.1967950386545114,-0.6309709914404563,-1.3206177944032211,-0.1969236937340085,-2.6801270554890095,-0.3126438248914719,-0.3393280494105372,0.22250054237489178,0.912237829000029,0.1102010699900052,-0.5970427315699457,0.17218091131510654,-0.7188958119114003,-0.0022007497431854924,-0.04420128283831165,-0.441730180444068,-0.32847504959207113,0.0063327705682104315,0.37623116148631564,-0.028731856472661764,0.05514163791376888,-0.033455826887873526,0.050721550486854956,0.03576839055372561,0.018907078684401866,2.311127977445049e-06,4.423557331816951e-15,-5.610729001922566e-16
CRI,2018,2.331004006125173,-0.5715037102727094,-1.389830071653362,-0.22998859719667242,-2.5489477735288837,-0.19602432616972063,-0.18252004424544452,-0.05161989147287158,0.48986918830884424,-0.08763574157505634,-0.3485412820733352,0.5238777226286329,-0.6070238523506605,0.1491023846405031,0.13512464907376598,-0.593237075875283,-0.32031045139665576,0.02608321083619975,0.34554407234223244,0.19765893974055937,0.02745143161552827,0.016258810767320008,0.06952632400930366,0.02116871869189207,-0.043614314443579376,2.080983454662139e-06,7.775956043913728e-15,8.738771673576347e-16
CRI,2019,2.8550158664666596,-0.5324664667352434,-1.6863893361237956,-0.6921635264829454,-2.5509106323297366,0.18892714669545163,0.10797804050342673,-0.3470639906605818,0.47508895480297664,0.19430806653446345,-0.19096744486298187,0.7947748054291942,-0.3160044737772899,0.345813746813573,0.49745147529529077,-0.5810962768833303,-0.38279635904299714,0.06702687880847676,0.2545082889040908,0.3051913068665118,0.07300247171434755,0.11338323150138101,0.08614490975708289,0.014562592280912558,0.0030967880271929554,2.1900877352298814e-06,2.597137200367028e-14,-7.714797833887818e-16
CRI,2020,3.980594964778841,-1.8949061853680012,-1.5261902611681128,-2.254315516301797,-2.6850228165155516,0.8492604237729924,0.09207565275153838,-1.4855078886527606,-0.8068362259082262,-0.6614555442162997,-0.11853553490677418,1.4009919001152487,0.25939256261042765,0.5266961188340349,0.6931917498917429,-0.3400281473872143,-0.4023983535354177,0.12386192911143645,0.017573722593912596,0.4794038856349913,0.12577192314791116,0.21399500841411642,0.030181742583613367,0.09990157693420128,0.03857430809229678,-1.970593159287783e-06,2.0000487984149882e-14,2.3789788332656853e-17
CRI,2021,2.9875771554293857,-1.6224117096777773,-1.0849996135566817,0.3442254084247382,-2.120013856764739,0.1440612947006475,0.4079753091853693,-1.8272514197846064,0.7569869006469823,1.3505585426449707,-0.0021046702498695793,1.926750786493125,0.3088324400289597,0.09761811602310685,0.6699488928029115,-0.4206612793851563,-0.5564494446250219,-0.07555461207870198,0.12658816846754087,0.2108360809671389,0.19883905462358561,0.15198499444581515,-0.02914974054174958,0.010370448921091558,0.07943113314022604,3.428624842031662e-07,1.1525566508591324e-14,-1.127758539262991e-15
CRI,2022,2.491297682636761,-0.6368823968458048,-0.8757188536070298,1.3020687704854248,-1.98632353887719,-0.19367949774183352,0.8138173155316961,-1.0418652810596651,-0.2645798459467176,0.8102396689659118,-0.16667072359049737,1.4239912952946556,-0.40317510608123297,0.09229688022012941,-0.08285637964043564,-0.45990203673854363,-0.3867129081955747,-0.1288631782442836,0.2685642344051036,0.18946164211773386,0.14901350514965145,0.08846075636181062,0.011912641435813515,0.0037311631343665418,0.059951069742579494,8.639274468781701e-08,-1.0449242251649995e-14,-1.0133910921215232e-15
CRI,2023,2.379413166238361,-0.39130202952692816,-0.5115420343042953,1.0025772436843599,-2.1071416457293934,-0.035138454068400535,0.2483850862411454,-0.5142009473407242,0.5085702889322188,0.29271874556419986,-0.20542843649519638,0.4880506812388428,-1.2512212726102434,0.4469613203768146,-0.7575408843710802,-0.29805821590205184,-0.3537220800087251,0.031573619454900434,0.41325230987546024,0.18640873048758963,0.05556860495040578,-0.10303325057356176,0.048368734990674095,0.09342312494311988,0.04372644958186286,9.82556369381997e-08,-2.5279235152725396e-14,-1.1138564181242909e-15
CRI,2024,2.4202028726828466,0.0635953776435314,-0.8365855739261416,0.880604606253785,-2.2623084930077426,0.08648376924175705,0.20880158652969238,-0.09321125250532916,0.7079657386568233,0.08307069937991773,-0.3309805057539965,0.1266830918950819,-1.442735726130283,0.31684980780931254,-0.8542470251712514,-0.2839622259245072,-0.5303338307084756,0.09475134409843983,0.3560119419656859,0.02007781206621422,0.0300998968990515,-0.22077890005260276,0.02070478331366767,0.05786541802197186,0.07376800377484492,2.2169257309729522e-07,-2.949027913616121e-14,-2.312883295182859e-15
