pays,cible,horizon,origine,annee_projetee,valeur_projetee,n_entrainement,specification,horizon_teste_backtest
MAR,CROISSANCE_PIB,1,2024,2025,5.04998335006836,24,etape2_fige,True
MAR,CROISSANCE_PIB,2,2024,2026,3.509711489313411,23,etape2_fige,True
MAR,CROISSANCE_PIB,3,2024,2027,3.620156701406159,22,etape2_fige,True
MAR,CROISSANCE_PIB,4,2024,2028,3.4986831086382404,21,etape2_fige,True
MAR,CROISSANCE_PIB,5,2024,2029,3.7460997755877137,20,etape2_fige,True
MAR,CROISSANCE_PIB,6,2024,2030,3.4583534413727715,19,etape3_nouveau,False
MAR,CROISSANCE_PIB,7,2024,2031,3.2176608542044423,18,etape3_nouveau,False
MAR,CROISSANCE_PIB,8,2024,2032,3.2045192711044574,17,etape3_nouveau,False
MAR,CROISSANCE_PIB,9,2024,2033,3.049518015370529,16,etape3_nouveau,False
MAR,CROISSANCE_PIB,10,2024,2034,3.003101256304392,15,etape3_nouveau,False
VNM,CROISSANCE_PIB,1,2024,2025,6.308198058734143,24,etape3_nouveau,True
VNM,CROISSANCE_PIB,2,2024,2026,6.313211308577637,23,etape3_nouveau,True
VNM,CROISSANCE_PIB,3,2024,2027,6.312865413894423,22,etape3_nouveau,True
VNM,CROISSANCE_PIB,4,2024,2028,6.284951219767846,21,etape3_nouveau,True
VNM,CROISSANCE_PIB,5,2024,2029,6.222378250311045,20,etape3_nouveau,True
VNM,CROISSANCE_PIB,6,2024,2030,6.572706702897633,19,etape3_nouveau,False
VNM,CROISSANCE_PIB,7,2024,2031,6.106797914816368,18,etape3_nouveau,False
VNM,CROISSANCE_PIB,8,2024,2032,6.046638704743542,17,etape3_nouveau,False
VNM,CROISSANCE_PIB,9,2024,2033,6.0706929232329125,16,etape3_nouveau,False
VNM,CROISSANCE_PIB,10,2024,2034,6.299193468408714,15,etape3_nouveau,False
CRI,CROISSANCE_PIB,1,2024,2025,3.987653928136062,24,etape3_nouveau,True
CRI,CROISSANCE_PIB,2,2024,2026,4.009240180004706,23,etape3_nouveau,True
CRI,CROISSANCE_PIB,3,2024,2027,3.842160545851745,22,etape3_nouveau,True
CRI,CROISSANCE_PIB,4,2024,2028,4.022784189534416,21,etape3_nouveau,True
CRI,CROISSANCE_PIB,5,2024,2029,4.002693409677408,20,etape3_nouveau,True
CRI,CROISSANCE_PIB,6,2024,2030,4.004063256800713,19,etape3_nouveau,False
CRI,CROISSANCE_PIB,7,2024,2031,7.321784209980146,18,etape3_nouveau,False
CRI,CROISSANCE_PIB,8,2024,2032,4.618695189226992,17,etape3_nouveau,False
CRI,CROISSANCE_PIB,9,2024,2033,4.475817552909088,16,etape3_nouveau,False
CRI,CROISSANCE_PIB,10,2024,2034,3.7780437085110816,15,etape3_nouveau,False
DNK,CROISSANCE_PIB,1,2024,2025,1.3752629232509943,24,etape3_nouveau,True
DNK,CROISSANCE_PIB,2,2024,2026,1.3937512135662498,23,etape3_nouveau,True
DNK,CROISSANCE_PIB,3,2024,2027,1.4363521769656253,22,etape3_nouveau,True
DNK,CROISSANCE_PIB,4,2024,2028,1.4837455660294598,21,etape3_nouveau,True
DNK,CROISSANCE_PIB,5,2024,2029,1.4191152539589065,20,etape3_nouveau,True
DNK,CROISSANCE_PIB,6,2024,2030,1.167416489787652,19,etape3_nouveau,False
DNK,CROISSANCE_PIB,7,2024,2031,1.269553550542686,18,etape3_nouveau,False
DNK,CROISSANCE_PIB,8,2024,2032,1.3401021269697615,17,etape3_nouveau,False
DNK,CROISSANCE_PIB,9,2024,2033,-0.7465140105457555,16,etape3_nouveau,False
DNK,CROISSANCE_PIB,10,2024,2034,1.7740461487271724,15,etape3_nouveau,False
CHL,CROISSANCE_PIB,1,2024,2025,3.402067146773985,24,etape3_nouveau,True
CHL,CROISSANCE_PIB,2,2024,2026,3.4043336027959525,23,etape3_nouveau,True
CHL,CROISSANCE_PIB,3,2024,2027,3.413494260413899,22,etape3_nouveau,True
CHL,CROISSANCE_PIB,4,2024,2028,3.351125164785494,21,etape3_nouveau,True
CHL,CROISSANCE_PIB,5,2024,2029,3.1849687146133077,20,etape3_nouveau,True
CHL,CROISSANCE_PIB,6,2024,2030,3.045385714373082,19,etape3_nouveau,False
CHL,CROISSANCE_PIB,7,2024,2031,2.8784632081916053,18,etape3_nouveau,False
CHL,CROISSANCE_PIB,8,2024,2032,2.7437709860096815,17,etape3_nouveau,False
CHL,CROISSANCE_PIB,9,2024,2033,2.6784196222382626,16,etape3_nouveau,False
CHL,CROISSANCE_PIB,10,2024,2034,1.1304208385889345,15,etape3_nouveau,False
MYS,CROISSANCE_PIB,1,2024,2025,4.502097778212094,24,etape3_nouveau,True
MYS,CROISSANCE_PIB,2,2024,2026,4.675333537299887,23,etape3_nouveau,True
MYS,CROISSANCE_PIB,3,2024,2027,4.642803775044065,22,etape3_nouveau,True
MYS,CROISSANCE_PIB,4,2024,2028,4.588246845956283,21,etape3_nouveau,True
MYS,CROISSANCE_PIB,5,2024,2029,11.958179400778537,20,etape3_nouveau,True
MYS,CROISSANCE_PIB,6,2024,2030,4.020500559327247,19,etape3_nouveau,False
MYS,CROISSANCE_PIB,7,2024,2031,3.5459996112775616,18,etape3_nouveau,False
MYS,CROISSANCE_PIB,8,2024,2032,5.255931466350231,17,etape3_nouveau,False
MYS,CROISSANCE_PIB,9,2024,2033,5.477084936704222,16,etape3_nouveau,False
MYS,CROISSANCE_PIB,10,2024,2034,4.305558554976634,15,etape3_nouveau,False
PRT,CROISSANCE_PIB,1,2024,2025,0.9862123105938929,24,etape3_nouveau,True
PRT,CROISSANCE_PIB,2,2024,2026,0.9445836226075773,23,etape3_nouveau,True
PRT,CROISSANCE_PIB,3,2024,2027,0.9524772063057528,22,etape3_nouveau,True
PRT,CROISSANCE_PIB,4,2024,2028,1.0421437897042611,21,etape3_nouveau,True
PRT,CROISSANCE_PIB,5,2024,2029,1.0048142027308287,20,etape3_nouveau,True
PRT,CROISSANCE_PIB,6,2024,2030,1.0165492887101573,19,etape3_nouveau,False
PRT,CROISSANCE_PIB,7,2024,2031,0.9827445086628569,18,etape3_nouveau,False
PRT,CROISSANCE_PIB,8,2024,2032,0.8931071634364185,17,etape3_nouveau,False
PRT,CROISSANCE_PIB,9,2024,2033,0.9289734021240348,16,etape3_nouveau,False
PRT,CROISSANCE_PIB,10,2024,2034,1.199043513962366,15,etape3_nouveau,False
TUR,CROISSANCE_PIB,1,2024,2025,5.024885549592333,24,etape3_nouveau,True
TUR,CROISSANCE_PIB,2,2024,2026,5.166948305369995,23,etape3_nouveau,True
TUR,CROISSANCE_PIB,3,2024,2027,5.437325124450703,22,etape3_nouveau,True
TUR,CROISSANCE_PIB,4,2024,2028,5.420098072739534,21,etape3_nouveau,True
TUR,CROISSANCE_PIB,5,2024,2029,5.194832700417199,20,etape3_nouveau,True
TUR,CROISSANCE_PIB,6,2024,2030,2.782285894031917,19,etape3_nouveau,False
TUR,CROISSANCE_PIB,7,2024,2031,4.873191692971568,18,etape3_nouveau,False
TUR,CROISSANCE_PIB,8,2024,2032,5.307565271713286,17,etape3_nouveau,False
TUR,CROISSANCE_PIB,9,2024,2033,2.643655581654248,16,etape3_nouveau,False
TUR,CROISSANCE_PIB,10,2024,2034,5.295344797850002,15,etape3_nouveau,False
URY,CROISSANCE_PIB,1,2024,2025,2.5086644436104635,24,etape3_nouveau,True
URY,CROISSANCE_PIB,2,2024,2026,2.784872895915429,23,etape3_nouveau,True
URY,CROISSANCE_PIB,3,2024,2027,1.7685985300517861,22,etape3_nouveau,True
URY,CROISSANCE_PIB,4,2024,2028,-1.833142276593747,21,etape3_nouveau,True
URY,CROISSANCE_PIB,5,2024,2029,-0.2984999084661766,20,etape3_nouveau,True
URY,CROISSANCE_PIB,6,2024,2030,2.1944506425375656,19,etape3_nouveau,False
URY,CROISSANCE_PIB,7,2024,2031,3.0231072258453113,18,etape3_nouveau,False
URY,CROISSANCE_PIB,8,2024,2032,4.682794099519673,17,etape3_nouveau,False
URY,CROISSANCE_PIB,9,2024,2033,2.543642159726023,16,etape3_nouveau,False
URY,CROISSANCE_PIB,10,2024,2034,2.4303186907328067,15,etape3_nouveau,False
MAR,INFLATION_CPI,1,2024,2025,1.941753827880104,24,etape2_fige,True
MAR,INFLATION_CPI,2,2024,2026,1.909822805690191,23,etape2_fige,True
MAR,INFLATION_CPI,3,2024,2027,1.8679572827457682,22,etape2_fige,True
MAR,INFLATION_CPI,4,2024,2028,1.899845711232996,21,etape2_fige,True
MAR,INFLATION_CPI,5,2024,2029,1.9201657951037585,20,etape2_fige,True
MAR,INFLATION_CPI,6,2024,2030,1.9695091706346959,19,etape3_nouveau,False
MAR,INFLATION_CPI,7,2024,2031,18.10521654431477,18,etape3_nouveau,False
MAR,INFLATION_CPI,8,2024,2032,1.8878722026928045,17,etape3_nouveau,False
MAR,INFLATION_CPI,9,2024,2033,3.330019710259049,16,etape3_nouveau,False
MAR,INFLATION_CPI,10,2024,2034,-3.24279972454773,15,etape3_nouveau,False
VNM,INFLATION_CPI,1,2024,2025,3.983927653105809,23,etape3_nouveau,True
VNM,INFLATION_CPI,2,2024,2026,6.398522602272792,22,etape3_nouveau,True
VNM,INFLATION_CPI,3,2024,2027,6.549183289383917,21,etape3_nouveau,True
VNM,INFLATION_CPI,4,2024,2028,6.488895079498308,20,etape3_nouveau,True
VNM,INFLATION_CPI,5,2024,2029,6.503515837302589,19,etape3_nouveau,True
VNM,INFLATION_CPI,6,2024,2030,7.173497142076809,18,etape3_nouveau,False
VNM,INFLATION_CPI,7,2024,2031,12.753440189207314,17,etape3_nouveau,False
VNM,INFLATION_CPI,8,2024,2032,6.191950735107904,16,etape3_nouveau,False
VNM,INFLATION_CPI,9,2024,2033,43.141445077470266,15,etape3_nouveau,False
VNM,INFLATION_CPI,10,2024,2034,7.001956810741821,15,etape3_nouveau,False
CRI,INFLATION_CPI,1,2024,2025,1.966084681274007,24,etape3_nouveau,True
CRI,INFLATION_CPI,2,2024,2026,-2.3570231897989746,23,etape3_nouveau,True
CRI,INFLATION_CPI,3,2024,2027,1.2474552509732906,22,etape3_nouveau,True
CRI,INFLATION_CPI,4,2024,2028,1.4012296841832814,21,etape3_nouveau,True
CRI,INFLATION_CPI,5,2024,2029,1.5640251820501807,20,etape3_nouveau,True
CRI,INFLATION_CPI,6,2024,2030,2.296565104135269,19,etape3_nouveau,False
CRI,INFLATION_CPI,7,2024,2031,-0.07381290682287034,18,etape3_nouveau,False
CRI,INFLATION_CPI,8,2024,2032,2.1722826023264266,17,etape3_nouveau,False
CRI,INFLATION_CPI,9,2024,2033,0.5109843654684352,16,etape3_nouveau,False
CRI,INFLATION_CPI,10,2024,2034,2.8235214104355877,15,etape3_nouveau,False
DNK,INFLATION_CPI,1,2024,2025,1.9208771418448085,24,etape3_nouveau,True
DNK,INFLATION_CPI,2,2024,2026,1.8564945924406149,23,etape3_nouveau,True
DNK,INFLATION_CPI,3,2024,2027,-2.0423666543500962,22,etape3_nouveau,True
DNK,INFLATION_CPI,4,2024,2028,-10.221517866328007,21,etape3_nouveau,True
DNK,INFLATION_CPI,5,2024,2029,-1.322598272018443,20,etape3_nouveau,True
DNK,INFLATION_CPI,6,2024,2030,2.5008070336994503,19,etape3_nouveau,False
DNK,INFLATION_CPI,7,2024,2031,3.025752264905477,18,etape3_nouveau,False
DNK,INFLATION_CPI,8,2024,2032,1.8700025850660194,17,etape3_nouveau,False
DNK,INFLATION_CPI,9,2024,2033,7.502637360494051,16,etape3_nouveau,False
DNK,INFLATION_CPI,10,2024,2034,1.0171229963798605,15,etape3_nouveau,False
CHL,INFLATION_CPI,1,2024,2025,3.771504073171188,24,etape3_nouveau,True
CHL,INFLATION_CPI,2,2024,2026,3.7803042272214706,23,etape3_nouveau,True
CHL,INFLATION_CPI,3,2024,2027,-0.3978876406548655,22,etape3_nouveau,True
CHL,INFLATION_CPI,4,2024,2028,6.414500897960844,21,etape3_nouveau,True
CHL,INFLATION_CPI,5,2024,2029,4.781686643705273,20,etape3_nouveau,True
CHL,INFLATION_CPI,6,2024,2030,-13.160371870166639,19,etape3_nouveau,False
CHL,INFLATION_CPI,7,2024,2031,0.6510099907032503,18,etape3_nouveau,False
CHL,INFLATION_CPI,8,2024,2032,7.597859408025705,17,etape3_nouveau,False
CHL,INFLATION_CPI,9,2024,2033,-12.05081167744098,16,etape3_nouveau,False
CHL,INFLATION_CPI,10,2024,2034,1.1634526126257119,15,etape3_nouveau,False
MYS,INFLATION_CPI,1,2024,2025,2.1386295812190594,24,etape3_nouveau,True
MYS,INFLATION_CPI,2,2024,2026,2.1442300307990867,23,etape3_nouveau,True
MYS,INFLATION_CPI,3,2024,2027,2.1595190111619837,22,etape3_nouveau,True
MYS,INFLATION_CPI,4,2024,2028,2.2104639009424183,21,etape3_nouveau,True
MYS,INFLATION_CPI,5,2024,2029,2.6700273085715707,20,etape3_nouveau,True
MYS,INFLATION_CPI,6,2024,2030,2.2117578859774887,19,etape3_nouveau,False
MYS,INFLATION_CPI,7,2024,2031,1.8027019157512028,18,etape3_nouveau,False
MYS,INFLATION_CPI,8,2024,2032,2.6339507870433194,17,etape3_nouveau,False
MYS,INFLATION_CPI,9,2024,2033,3.384118787368647,16,etape3_nouveau,False
MYS,INFLATION_CPI,10,2024,2034,1.750188395162197,15,etape3_nouveau,False
PRT,INFLATION_CPI,1,2024,2025,2.1891652162617223,24,etape3_nouveau,True
PRT,INFLATION_CPI,2,2024,2026,2.0091662750524386,23,etape3_nouveau,True
PRT,INFLATION_CPI,3,2024,2027,0.021199992860398087,22,etape3_nouveau,True
PRT,INFLATION_CPI,4,2024,2028,-0.061279798535513574,21,etape3_nouveau,True
PRT,INFLATION_CPI,5,2024,2029,1.9128803203482916,20,etape3_nouveau,True
PRT,INFLATION_CPI,6,2024,2030,-0.20687393764483986,19,etape3_nouveau,False
PRT,INFLATION_CPI,7,2024,2031,7.932527896917436,18,etape3_nouveau,False
PRT,INFLATION_CPI,8,2024,2032,1.886084617060137,17,etape3_nouveau,False
PRT,INFLATION_CPI,9,2024,2033,1.8870545684020943,16,etape3_nouveau,False
PRT,INFLATION_CPI,10,2024,2034,2.67733120861146,15,etape3_nouveau,False
TUR,INFLATION_CPI,1,2024,2025,41.38328009006178,24,etape3_nouveau,True
TUR,INFLATION_CPI,2,2024,2026,46.61800674048624,23,etape3_nouveau,True
TUR,INFLATION_CPI,3,2024,2027,21.306253470767764,22,etape3_nouveau,True
TUR,INFLATION_CPI,4,2024,2028,53.061118927095336,21,etape3_nouveau,True
TUR,INFLATION_CPI,5,2024,2029,0.7553568953349981,20,etape3_nouveau,True
TUR,INFLATION_CPI,6,2024,2030,-16.177311462210092,19,etape3_nouveau,False
TUR,INFLATION_CPI,7,2024,2031,-80.10911714500449,18,etape3_nouveau,False
TUR,INFLATION_CPI,8,2024,2032,-116.1580372089019,17,etape3_nouveau,False
TUR,INFLATION_CPI,9,2024,2033,-44.322188126865115,16,etape3_nouveau,False
TUR,INFLATION_CPI,10,2024,2034,11.408696849118169,15,etape3_nouveau,False
URY,INFLATION_CPI,1,2024,2025,8.27921065860561,24,etape3_nouveau,True
URY,INFLATION_CPI,2,2024,2026,8.499877724923861,23,etape3_nouveau,True
URY,INFLATION_CPI,3,2024,2027,7.03355697695439,22,etape3_nouveau,True
URY,INFLATION_CPI,4,2024,2028,7.302040796031362,21,etape3_nouveau,True
URY,INFLATION_CPI,5,2024,2029,7.59159536566005,20,etape3_nouveau,True
URY,INFLATION_CPI,6,2024,2030,7.861428417898315,19,etape3_nouveau,False
URY,INFLATION_CPI,7,2024,2031,8.12924726266959,18,etape3_nouveau,False
URY,INFLATION_CPI,8,2024,2032,7.793227273071431,17,etape3_nouveau,False
URY,INFLATION_CPI,9,2024,2033,7.796453801243203,16,etape3_nouveau,False
URY,INFLATION_CPI,10,2024,2034,7.8454028050670335,15,etape3_nouveau,False
MAR,SOBG,1,2024,2025,-4.0072216236475,24,etape2_fige,True
MAR,SOBG,2,2024,2026,-4.004278717867406,23,etape2_fige,True
MAR,SOBG,3,2024,2027,1.9991674680393103,22,etape2_fige,True
MAR,SOBG,4,2024,2028,-2.4814996494158637,21,etape2_fige,True
MAR,SOBG,5,2024,2029,-4.820317204136513,20,etape2_fige,True
MAR,SOBG,6,2024,2030,-4.049276930084993,19,etape3_nouveau,False
MAR,SOBG,7,2024,2031,-3.9601020674696237,18,etape3_nouveau,False
MAR,SOBG,8,2024,2032,-3.289773315323618,17,etape3_nouveau,False
MAR,SOBG,9,2024,2033,-3.9237158629842814,16,etape3_nouveau,False
MAR,SOBG,10,2024,2034,-4.318586108411031,15,etape3_nouveau,False
VNM,SOBG,1,2024,2025,-2.358344720997619,19,etape3_nouveau,True
VNM,SOBG,2,2024,2026,-2.4733163178695516,18,etape3_nouveau,True
VNM,SOBG,3,2024,2027,-2.545319653215399,17,etape3_nouveau,True
VNM,SOBG,4,2024,2028,-6.77195960437875,16,etape3_nouveau,True
VNM,SOBG,5,2024,2029,-2.7134152218236025,15,etape3_nouveau,True
VNM,SOBG,6,2024,2030,1.07538558155062,14,etape3_nouveau,False
VNM,SOBG,7,2024,2031,-2.9651668280831043,13,etape3_nouveau,False
VNM,SOBG,8,2024,2032,-2.4429934307243153,12,etape3_nouveau,False
VNM,SOBG,9,2024,2033,-2.034632928845387,11,etape3_nouveau,False
VNM,SOBG,10,2024,2034,-1.8404111320712928,10,etape3_nouveau,False
CRI,SOBG,1,2024,2025,-3.9163118267320622,23,etape3_nouveau,True
CRI,SOBG,2,2024,2026,-4.004811597699923,22,etape3_nouveau,True
CRI,SOBG,3,2024,2027,-4.032079950351562,21,etape3_nouveau,True
CRI,SOBG,4,2024,2028,-4.0629223139273005,20,etape3_nouveau,True
CRI,SOBG,5,2024,2029,-4.166698718339795,19,etape3_nouveau,True
CRI,SOBG,6,2024,2030,2.0033684044436253,18,etape3_nouveau,False
CRI,SOBG,7,2024,2031,-5.4889318419799515,17,etape3_nouveau,False
CRI,SOBG,8,2024,2032,-3.317125015386922,16,etape3_nouveau,False
CRI,SOBG,9,2024,2033,-4.236132370335888,15,etape3_nouveau,False
CRI,SOBG,10,2024,2034,-3.357761345677943,14,etape3_nouveau,False
DNK,SOBG,1,2024,2025,1.4653092168160695,24,etape3_nouveau,True
DNK,SOBG,2,2024,2026,2.109220825126347,23,etape3_nouveau,True
DNK,SOBG,3,2024,2027,0.36919000613681896,22,etape3_nouveau,True
DNK,SOBG,4,2024,2028,1.6024423786166444,21,etape3_nouveau,True
DNK,SOBG,5,2024,2029,1.5708251418985064,20,etape3_nouveau,True
DNK,SOBG,6,2024,2030,-4.79583543043906,19,etape3_nouveau,False
DNK,SOBG,7,2024,2031,1.1626883238433017,18,etape3_nouveau,False
DNK,SOBG,8,2024,2032,1.0047264079388085,17,etape3_nouveau,False
DNK,SOBG,9,2024,2033,0.7509349503829309,16,etape3_nouveau,False
DNK,SOBG,10,2024,2034,-0.7338367146057106,15,etape3_nouveau,False
CHL,SOBG,1,2024,2025,-2.1190293478193882,24,etape3_nouveau,True
CHL,SOBG,2,2024,2026,-2.341171155383954,23,etape3_nouveau,True
CHL,SOBG,3,2024,2027,-1.9290169091241305,22,etape3_nouveau,True
CHL,SOBG,4,2024,2028,6.654498931051311,21,etape3_nouveau,True
CHL,SOBG,5,2024,2029,-0.5227666327054525,20,etape3_nouveau,True
CHL,SOBG,6,2024,2030,-0.7907036788939973,19,etape3_nouveau,False
CHL,SOBG,7,2024,2031,-4.225822826574395,18,etape3_nouveau,False
CHL,SOBG,8,2024,2032,2.2969972270872825,17,etape3_nouveau,False
CHL,SOBG,9,2024,2033,-5.847149985184937,16,etape3_nouveau,False
CHL,SOBG,10,2024,2034,17.241553965961156,15,etape3_nouveau,False
MYS,SOBG,1,2024,2025,-3.580193167193554,24,etape3_nouveau,True
MYS,SOBG,2,2024,2026,-3.5462590232027473,23,etape3_nouveau,True
MYS,SOBG,3,2024,2027,-2.9542915725946925,22,etape3_nouveau,True
MYS,SOBG,4,2024,2028,-3.042255201352288,21,etape3_nouveau,True
MYS,SOBG,5,2024,2029,-3.1294133435257594,20,etape3_nouveau,True
MYS,SOBG,6,2024,2030,-3.5168891805139633,19,etape3_nouveau,False
MYS,SOBG,7,2024,2031,-3.5677183924391005,18,etape3_nouveau,False
MYS,SOBG,8,2024,2032,-3.6263588637696644,17,etape3_nouveau,False
MYS,SOBG,9,2024,2033,-3.640210183428319,16,etape3_nouveau,False
MYS,SOBG,10,2024,2034,-4.520610866515328,15,etape3_nouveau,False
PRT,SOBG,1,2024,2025,-2.9729241807493514,24,etape3_nouveau,True
PRT,SOBG,2,2024,2026,-3.188683881806273,23,etape3_nouveau,True
PRT,SOBG,3,2024,2027,1.3075543157084493,22,etape3_nouveau,True
PRT,SOBG,4,2024,2028,6.446979719185447,21,etape3_nouveau,True
PRT,SOBG,5,2024,2029,4.5817040360524395,20,etape3_nouveau,True
PRT,SOBG,6,2024,2030,-3.1411066101049854,19,etape3_nouveau,False
PRT,SOBG,7,2024,2031,-7.123529830225735,18,etape3_nouveau,False
PRT,SOBG,8,2024,2032,-3.9428415237827075,17,etape3_nouveau,False
PRT,SOBG,9,2024,2033,-4.816657325638486,16,etape3_nouveau,False
PRT,SOBG,10,2024,2034,-6.012151384278393,15,etape3_nouveau,False
TUR,SOBG,1,2024,2025,-2.8454099818770193,19,etape3_nouveau,True
TUR,SOBG,2,2024,2026,-4.069984115619415,18,etape3_nouveau,True
TUR,SOBG,3,2024,2027,-2.5350515010819064,17,etape3_nouveau,True
TUR,SOBG,4,2024,2028,-2.565776641197595,18,etape3_nouveau,True
TUR,SOBG,5,2024,2029,-8.006972201670461,15,etape3_nouveau,True
TUR,SOBG,6,2024,2030,-3.5421663308154123,14,etape3_nouveau,False
TUR,SOBG,7,2024,2031,-3.059054908357468,13,etape3_nouveau,False
TUR,SOBG,8,2024,2032,-0.5574573278616821,12,etape3_nouveau,False
TUR,SOBG,9,2024,2033,-2.7240247550465155,11,etape3_nouveau,False
TUR,SOBG,10,2024,2034,-3.829498470941485,10,etape3_nouveau,False
URY,SOBG,1,2024,2025,-2.7524057604454657,20,etape3_nouveau,True
URY,SOBG,2,2024,2026,-3.008496790068954,19,etape3_nouveau,True
URY,SOBG,3,2024,2027,-2.642709743640562,18,etape3_nouveau,True
URY,SOBG,4,2024,2028,-2.990687923642353,17,etape3_nouveau,True
URY,SOBG,5,2024,2029,-2.462893565817507,16,etape3_nouveau,True
URY,SOBG,6,2024,2030,-2.88490793735916,15,etape3_nouveau,False
URY,SOBG,7,2024,2031,-3.7995290913034805,14,etape3_nouveau,False
URY,SOBG,8,2024,2032,-2.70555307658587,13,etape3_nouveau,False
URY,SOBG,9,2024,2033,-2.6641951980380085,12,etape3_nouveau,False
URY,SOBG,10,2024,2034,-2.7498521253679367,11,etape3_nouveau,False
MAR,DETTE_PUBLIQUE,1,2024,2025,66.92314167518917,24,etape2_fige,True
MAR,DETTE_PUBLIQUE,2,2024,2026,60.754583458680166,23,etape2_fige,True
MAR,DETTE_PUBLIQUE,3,2024,2027,49.537717748090806,22,etape2_fige,True
MAR,DETTE_PUBLIQUE,4,2024,2028,51.725294877630716,21,etape2_fige,True
MAR,DETTE_PUBLIQUE,5,2024,2029,49.8900831665735,20,etape2_fige,True
MAR,DETTE_PUBLIQUE,6,2024,2030,59.4836124613243,19,etape3_nouveau,False
MAR,DETTE_PUBLIQUE,7,2024,2031,57.486891330663695,18,etape3_nouveau,False
MAR,DETTE_PUBLIQUE,8,2024,2032,52.48006684871436,17,etape3_nouveau,False
MAR,DETTE_PUBLIQUE,9,2024,2033,54.635797451880194,16,etape3_nouveau,False
MAR,DETTE_PUBLIQUE,10,2024,2034,50.94518567188014,15,etape3_nouveau,False
VNM,DETTE_PUBLIQUE,1,2024,2025,33.759320776506264,19,etape3_nouveau,True
VNM,DETTE_PUBLIQUE,2,2024,2026,35.50893153432792,18,etape3_nouveau,True
VNM,DETTE_PUBLIQUE,3,2024,2027,32.64688599454449,17,etape3_nouveau,True
VNM,DETTE_PUBLIQUE,4,2024,2028,49.43855388915344,16,etape3_nouveau,True
VNM,DETTE_PUBLIQUE,5,2024,2029,42.06943919556454,15,etape3_nouveau,True
VNM,DETTE_PUBLIQUE,6,2024,2030,47.30401221066664,14,etape3_nouveau,False
VNM,DETTE_PUBLIQUE,7,2024,2031,48.10213024928861,13,etape3_nouveau,False
VNM,DETTE_PUBLIQUE,8,2024,2032,38.216022615635644,12,etape3_nouveau,False
VNM,DETTE_PUBLIQUE,9,2024,2033,48.09582111399874,11,etape3_nouveau,False
VNM,DETTE_PUBLIQUE,10,2024,2034,44.40396029431998,10,etape3_nouveau,False
CRI,DETTE_PUBLIQUE,1,2024,2025,51.93412942217921,23,etape3_nouveau,True
CRI,DETTE_PUBLIQUE,2,2024,2026,41.84572639635731,22,etape3_nouveau,True
CRI,DETTE_PUBLIQUE,3,2024,2027,39.900147165391566,21,etape3_nouveau,True
CRI,DETTE_PUBLIQUE,4,2024,2028,31.948135633428148,20,etape3_nouveau,True
CRI,DETTE_PUBLIQUE,5,2024,2029,-16.153220180474946,19,etape3_nouveau,True
CRI,DETTE_PUBLIQUE,6,2024,2030,-9.798897061277295,18,etape3_nouveau,False
CRI,DETTE_PUBLIQUE,7,2024,2031,-17.0561835842922,17,etape3_nouveau,False
CRI,DETTE_PUBLIQUE,8,2024,2032,-14.069928894004796,16,etape3_nouveau,False
CRI,DETTE_PUBLIQUE,9,2024,2033,-25.365000795318686,15,etape3_nouveau,False
CRI,DETTE_PUBLIQUE,10,2024,2034,-3.3150206144080343,14,etape3_nouveau,False
DNK,DETTE_PUBLIQUE,1,2024,2025,36.80066498105103,24,etape3_nouveau,True
DNK,DETTE_PUBLIQUE,2,2024,2026,39.18442427233134,23,etape3_nouveau,True
DNK,DETTE_PUBLIQUE,3,2024,2027,38.36321953183629,22,etape3_nouveau,True
DNK,DETTE_PUBLIQUE,4,2024,2028,42.28285936731137,21,etape3_nouveau,True
DNK,DETTE_PUBLIQUE,5,2024,2029,41.07232627817318,20,etape3_nouveau,True
DNK,DETTE_PUBLIQUE,6,2024,2030,55.88743151756436,19,etape3_nouveau,False
DNK,DETTE_PUBLIQUE,7,2024,2031,54.356098834476626,18,etape3_nouveau,False
DNK,DETTE_PUBLIQUE,8,2024,2032,49.11628617375139,17,etape3_nouveau,False
DNK,DETTE_PUBLIQUE,9,2024,2033,41.91957971131161,16,etape3_nouveau,False
DNK,DETTE_PUBLIQUE,10,2024,2034,32.67725383408481,15,etape3_nouveau,False
CHL,DETTE_PUBLIQUE,1,2024,2025,40.172893998614946,24,etape3_nouveau,True
CHL,DETTE_PUBLIQUE,2,2024,2026,38.568828267810375,23,etape3_nouveau,True
CHL,DETTE_PUBLIQUE,3,2024,2027,32.10177924709016,22,etape3_nouveau,True
CHL,DETTE_PUBLIQUE,4,2024,2028,36.912027763548124,21,etape3_nouveau,True
CHL,DETTE_PUBLIQUE,5,2024,2029,34.1534811929438,20,etape3_nouveau,True
CHL,DETTE_PUBLIQUE,6,2024,2030,31.856993988495873,19,etape3_nouveau,False
CHL,DETTE_PUBLIQUE,7,2024,2031,21.41244537840655,18,etape3_nouveau,False
CHL,DETTE_PUBLIQUE,8,2024,2032,28.940170237810115,17,etape3_nouveau,False
CHL,DETTE_PUBLIQUE,9,2024,2033,39.99146463117823,16,etape3_nouveau,False
CHL,DETTE_PUBLIQUE,10,2024,2034,36.199043130910205,15,etape3_nouveau,False
MYS,DETTE_PUBLIQUE,1,2024,2025,67.54658553524698,24,etape3_nouveau,True
MYS,DETTE_PUBLIQUE,2,2024,2026,61.67833705374015,23,etape3_nouveau,True
MYS,DETTE_PUBLIQUE,3,2024,2027,61.08716760117443,22,etape3_nouveau,True
MYS,DETTE_PUBLIQUE,4,2024,2028,61.02334686395939,21,etape3_nouveau,True
MYS,DETTE_PUBLIQUE,5,2024,2029,61.43473449417237,20,etape3_nouveau,True
MYS,DETTE_PUBLIQUE,6,2024,2030,67.84253296249533,19,etape3_nouveau,False
MYS,DETTE_PUBLIQUE,7,2024,2031,74.40399777108418,18,etape3_nouveau,False
MYS,DETTE_PUBLIQUE,8,2024,2032,78.6569542437066,17,etape3_nouveau,False
MYS,DETTE_PUBLIQUE,9,2024,2033,79.85399868496125,16,etape3_nouveau,False
MYS,DETTE_PUBLIQUE,10,2024,2034,82.72114866275308,15,etape3_nouveau,False
PRT,DETTE_PUBLIQUE,1,2024,2025,107.57157224850728,24,etape3_nouveau,True
PRT,DETTE_PUBLIQUE,2,2024,2026,106.07766885357698,23,etape3_nouveau,True
PRT,DETTE_PUBLIQUE,3,2024,2027,161.86091205123228,22,etape3_nouveau,True
PRT,DETTE_PUBLIQUE,4,2024,2028,100.66304286660242,21,etape3_nouveau,True
PRT,DETTE_PUBLIQUE,5,2024,2029,91.67259973322254,20,etape3_nouveau,True
PRT,DETTE_PUBLIQUE,6,2024,2030,90.56884393341436,19,etape3_nouveau,False
PRT,DETTE_PUBLIQUE,7,2024,2031,92.84956310973106,18,etape3_nouveau,False
PRT,DETTE_PUBLIQUE,8,2024,2032,-52.59665168408421,17,etape3_nouveau,False
PRT,DETTE_PUBLIQUE,9,2024,2033,105.39993359339053,16,etape3_nouveau,False
PRT,DETTE_PUBLIQUE,10,2024,2034,114.34352600965106,15,etape3_nouveau,False
TUR,DETTE_PUBLIQUE,1,2024,2025,27.263088456498046,19,etape3_nouveau,True
TUR,DETTE_PUBLIQUE,2,2024,2026,30.188757225773703,18,etape3_nouveau,True
TUR,DETTE_PUBLIQUE,3,2024,2027,30.67180453449629,17,etape3_nouveau,True
TUR,DETTE_PUBLIQUE,4,2024,2028,14.532532430399726,16,etape3_nouveau,True
TUR,DETTE_PUBLIQUE,5,2024,2029,28.598432123943986,15,etape3_nouveau,True
TUR,DETTE_PUBLIQUE,6,2024,2030,30.092857142857138,14,etape3_nouveau,False
TUR,DETTE_PUBLIQUE,7,2024,2031,43.58082726563724,13,etape3_nouveau,False
TUR,DETTE_PUBLIQUE,8,2024,2032,33.5167995930984,12,etape3_nouveau,False
TUR,DETTE_PUBLIQUE,9,2024,2033,30.48040072854218,11,etape3_nouveau,False
TUR,DETTE_PUBLIQUE,10,2024,2034,29.21020788109669,10,etape3_nouveau,False
URY,DETTE_PUBLIQUE,1,2024,2025,64.21004988765536,20,etape3_nouveau,True
URY,DETTE_PUBLIQUE,2,2024,2026,61.131268826068386,19,etape3_nouveau,True
URY,DETTE_PUBLIQUE,3,2024,2027,61.28037647068515,18,etape3_nouveau,True
URY,DETTE_PUBLIQUE,4,2024,2028,63.79551174968233,17,etape3_nouveau,True
URY,DETTE_PUBLIQUE,5,2024,2029,62.51827997848085,16,etape3_nouveau,True
URY,DETTE_PUBLIQUE,6,2024,2030,64.79091696683435,15,etape3_nouveau,False
URY,DETTE_PUBLIQUE,7,2024,2031,64.53035083853413,14,etape3_nouveau,False
URY,DETTE_PUBLIQUE,8,2024,2032,66.73289261329973,13,etape3_nouveau,False
URY,DETTE_PUBLIQUE,9,2024,2033,61.65917058847121,12,etape3_nouveau,False
URY,DETTE_PUBLIQUE,10,2024,2034,66.83986278208337,11,etape3_nouveau,False
MAR,BALANCE_COURANTE,1,2024,2025,-2.0677131613099538,24,etape2_fige,True
MAR,BALANCE_COURANTE,2,2024,2026,-1.9538155563495962,23,etape2_fige,True
MAR,BALANCE_COURANTE,3,2024,2027,-0.9720773860117802,22,etape2_fige,True
MAR,BALANCE_COURANTE,4,2024,2028,-0.5852941514400931,21,etape2_fige,True
MAR,BALANCE_COURANTE,5,2024,2029,-1.7916280592519835,20,etape2_fige,True
MAR,BALANCE_COURANTE,6,2024,2030,-0.9524400284221719,19,etape3_nouveau,False
MAR,BALANCE_COURANTE,7,2024,2031,-0.8964876596761036,18,etape3_nouveau,False
MAR,BALANCE_COURANTE,8,2024,2032,-3.1273949251180553,17,etape3_nouveau,False
MAR,BALANCE_COURANTE,9,2024,2033,-3.277758490863761,16,etape3_nouveau,False
MAR,BALANCE_COURANTE,10,2024,2034,-3.4434267440136175,15,etape3_nouveau,False
VNM,BALANCE_COURANTE,1,2024,2025,1.5868090457323332,24,etape3_nouveau,True
VNM,BALANCE_COURANTE,2,2024,2026,-0.9665113057173106,23,etape3_nouveau,True
VNM,BALANCE_COURANTE,3,2024,2027,-0.4544956764899825,22,etape3_nouveau,True
VNM,BALANCE_COURANTE,4,2024,2028,1.6943633359972985,21,etape3_nouveau,True
VNM,BALANCE_COURANTE,5,2024,2029,8.592013297187822,20,etape3_nouveau,True
VNM,BALANCE_COURANTE,6,2024,2030,0.19119504706549778,19,etape3_nouveau,False
VNM,BALANCE_COURANTE,7,2024,2031,0.7043170906742144,18,etape3_nouveau,False
VNM,BALANCE_COURANTE,8,2024,2032,1.6201799491303495,17,etape3_nouveau,False
VNM,BALANCE_COURANTE,9,2024,2033,1.4861889138548072,16,etape3_nouveau,False
VNM,BALANCE_COURANTE,10,2024,2034,2.0008081907913815,15,etape3_nouveau,False
CRI,BALANCE_COURANTE,1,2024,2025,-2.543735236224466,24,etape3_nouveau,True
CRI,BALANCE_COURANTE,2,2024,2026,-2.6769635780853367,23,etape3_nouveau,True
CRI,BALANCE_COURANTE,3,2024,2027,-0.5886006301203741,22,etape3_nouveau,True
CRI,BALANCE_COURANTE,4,2024,2028,-1.1075477998675503,21,etape3_nouveau,True
CRI,BALANCE_COURANTE,5,2024,2029,0.0629418350466402,20,etape3_nouveau,True
CRI,BALANCE_COURANTE,6,2024,2030,-3.1187919213519053,19,etape3_nouveau,False
CRI,BALANCE_COURANTE,7,2024,2031,-6.567677692925656,18,etape3_nouveau,False
CRI,BALANCE_COURANTE,8,2024,2032,-3.563279669283135,17,etape3_nouveau,False
CRI,BALANCE_COURANTE,9,2024,2033,-2.9626163437175745,16,etape3_nouveau,False
CRI,BALANCE_COURANTE,10,2024,2034,-4.206674460276859,15,etape3_nouveau,False
DNK,BALANCE_COURANTE,1,2024,2025,13.173387954998574,24,etape3_nouveau,True
DNK,BALANCE_COURANTE,2,2024,2026,13.542831236187139,23,etape3_nouveau,True
DNK,BALANCE_COURANTE,3,2024,2027,12.81712234968057,22,etape3_nouveau,True
DNK,BALANCE_COURANTE,4,2024,2028,9.913304074528549,21,etape3_nouveau,True
DNK,BALANCE_COURANTE,5,2024,2029,10.403786811769255,20,etape3_nouveau,True
DNK,BALANCE_COURANTE,6,2024,2030,10.577434865834576,19,etape3_nouveau,False
DNK,BALANCE_COURANTE,7,2024,2031,11.024861519433522,18,etape3_nouveau,False
DNK,BALANCE_COURANTE,8,2024,2032,11.705834602309702,17,etape3_nouveau,False
DNK,BALANCE_COURANTE,9,2024,2033,14.012392846032302,16,etape3_nouveau,False
DNK,BALANCE_COURANTE,10,2024,2034,13.57159394948918,15,etape3_nouveau,False
CHL,BALANCE_COURANTE,1,2024,2025,-2.5770740454377377,24,etape3_nouveau,True
CHL,BALANCE_COURANTE,2,2024,2026,-1.9753876936575334,23,etape3_nouveau,True
CHL,BALANCE_COURANTE,3,2024,2027,-2.027652328293453,22,etape3_nouveau,True
CHL,BALANCE_COURANTE,4,2024,2028,-2.1344262675370786,21,etape3_nouveau,True
CHL,BALANCE_COURANTE,5,2024,2029,-2.404175728612799,20,etape3_nouveau,True
CHL,BALANCE_COURANTE,6,2024,2030,-3.252244979307702,19,etape3_nouveau,False
CHL,BALANCE_COURANTE,7,2024,2031,-3.0828356940014032,18,etape3_nouveau,False
CHL,BALANCE_COURANTE,8,2024,2032,-3.561565955300079,17,etape3_nouveau,False
CHL,BALANCE_COURANTE,9,2024,2033,-4.258699510544087,16,etape3_nouveau,False
CHL,BALANCE_COURANTE,10,2024,2034,-2.645210926211962,15,etape3_nouveau,False
MYS,BALANCE_COURANTE,1,2024,2025,2.8834898885873397,24,etape3_nouveau,True
MYS,BALANCE_COURANTE,2,2024,2026,3.308088775515272,23,etape3_nouveau,True
MYS,BALANCE_COURANTE,3,2024,2027,3.303063718261015,22,etape3_nouveau,True
MYS,BALANCE_COURANTE,4,2024,2028,3.027648029962857,21,etape3_nouveau,True
MYS,BALANCE_COURANTE,5,2024,2029,0.16536133573805145,20,etape3_nouveau,True
MYS,BALANCE_COURANTE,6,2024,2030,3.1954173036191618,19,etape3_nouveau,False
MYS,BALANCE_COURANTE,7,2024,2031,4.754310058317239,18,etape3_nouveau,False
MYS,BALANCE_COURANTE,8,2024,2032,2.2578608361452766,17,etape3_nouveau,False
MYS,BALANCE_COURANTE,9,2024,2033,4.283831866421789,16,etape3_nouveau,False
MYS,BALANCE_COURANTE,10,2024,2034,4.144173255119403,15,etape3_nouveau,False
PRT,BALANCE_COURANTE,1,2024,2025,2.0494298820672503,24,etape3_nouveau,True
PRT,BALANCE_COURANTE,2,2024,2026,1.976602843458097,23,etape3_nouveau,True
PRT,BALANCE_COURANTE,3,2024,2027,1.48660553644992,22,etape3_nouveau,True
PRT,BALANCE_COURANTE,4,2024,2028,1.7220974132137274,21,etape3_nouveau,True
PRT,BALANCE_COURANTE,5,2024,2029,-0.5232564454738831,20,etape3_nouveau,True
PRT,BALANCE_COURANTE,6,2024,2030,3.466847605076635,19,etape3_nouveau,False
PRT,BALANCE_COURANTE,7,2024,2031,-2.42555702804106,18,etape3_nouveau,False
PRT,BALANCE_COURANTE,8,2024,2032,-2.0001236683004766,17,etape3_nouveau,False
PRT,BALANCE_COURANTE,9,2024,2033,-1.3838938835943124,16,etape3_nouveau,False
PRT,BALANCE_COURANTE,10,2024,2034,-0.7879171744290734,15,etape3_nouveau,False
TUR,BALANCE_COURANTE,1,2024,2025,-3.220646053309815,24,etape3_nouveau,True
TUR,BALANCE_COURANTE,2,2024,2026,-3.112488688946893,23,etape3_nouveau,True
TUR,BALANCE_COURANTE,3,2024,2027,-2.4345740275686323,22,etape3_nouveau,True
TUR,BALANCE_COURANTE,4,2024,2028,-3.453598026579216,21,etape3_nouveau,True
TUR,BALANCE_COURANTE,5,2024,2029,-3.11495895741811,20,etape3_nouveau,True
TUR,BALANCE_COURANTE,6,2024,2030,-3.6268960895050886,19,etape3_nouveau,False
TUR,BALANCE_COURANTE,7,2024,2031,-3.5190601680260425,18,etape3_nouveau,False
TUR,BALANCE_COURANTE,8,2024,2032,-3.408900282587593,17,etape3_nouveau,False
TUR,BALANCE_COURANTE,9,2024,2033,-3.3041754911920362,16,etape3_nouveau,False
TUR,BALANCE_COURANTE,10,2024,2034,-3.4086553518565794,15,etape3_nouveau,False
URY,BALANCE_COURANTE,1,2024,2025,1.889504548502873,24,etape3_nouveau,True
URY,BALANCE_COURANTE,2,2024,2026,-1.3287005536060186,23,etape3_nouveau,True
URY,BALANCE_COURANTE,3,2024,2027,-1.2393845825219554,22,etape3_nouveau,True
URY,BALANCE_COURANTE,4,2024,2028,-1.279515168771172,21,etape3_nouveau,True
URY,BALANCE_COURANTE,5,2024,2029,-1.3340938604509045,20,etape3_nouveau,True
URY,BALANCE_COURANTE,6,2024,2030,-1.7320592881111523,19,etape3_nouveau,False
URY,BALANCE_COURANTE,7,2024,2031,-1.7180031916981882,18,etape3_nouveau,False
URY,BALANCE_COURANTE,8,2024,2032,-1.7645706689982066,17,etape3_nouveau,False
URY,BALANCE_COURANTE,9,2024,2033,-1.5276094267049043,16,etape3_nouveau,False
URY,BALANCE_COURANTE,10,2024,2034,-1.5517357863912193,15,etape3_nouveau,False
MAR,TACH,1,2024,2025,9.278621213439894,24,etape2_fige,True
MAR,TACH,2,2024,2026,9.470729046301157,23,etape2_fige,True
MAR,TACH,3,2024,2027,9.616954044911697,22,etape2_fige,True
MAR,TACH,4,2024,2028,9.898324727503523,21,etape2_fige,True
MAR,TACH,5,2024,2029,9.477596140444355,20,etape2_fige,True
MAR,TACH,6,2024,2030,9.435526315789476,19,etape3_nouveau,False
MAR,TACH,7,2024,2031,11.457825983015374,18,etape3_nouveau,False
MAR,TACH,8,2024,2032,9.414411764705884,17,etape3_nouveau,False
MAR,TACH,9,2024,2033,9.4046875,16,etape3_nouveau,False
MAR,TACH,10,2024,2034,9.426929112964483,15,etape3_nouveau,False
VNM,TACH,1,2024,2025,1.7593889948079773,24,etape3_nouveau,True
VNM,TACH,2,2024,2026,1.7266521739130438,23,etape3_nouveau,True
VNM,TACH,3,2024,2027,1.748590460063116,22,etape3_nouveau,True
VNM,TACH,4,2024,2028,2.057266728019669,21,etape3_nouveau,True
VNM,TACH,5,2024,2029,1.7979882628163752,20,etape3_nouveau,True
VNM,TACH,6,2024,2030,2.0563875918953407,19,etape3_nouveau,False
VNM,TACH,7,2024,2031,1.07402874814042,18,etape3_nouveau,False
VNM,TACH,8,2024,2032,1.482357499322227,17,etape3_nouveau,False
VNM,TACH,9,2024,2033,1.57275,16,etape3_nouveau,False
VNM,TACH,10,2024,2034,1.6944195412716514,15,etape3_nouveau,False
CRI,TACH,1,2024,2025,7.791695003211777,24,etape3_nouveau,True
CRI,TACH,2,2024,2026,10.207152842678934,23,etape3_nouveau,True
CRI,TACH,3,2024,2027,14.381028418556843,22,etape3_nouveau,True
CRI,TACH,4,2024,2028,15.179461188360435,21,etape3_nouveau,True
CRI,TACH,5,2024,2029,8.769262736236211,20,etape3_nouveau,True
CRI,TACH,6,2024,2030,11.204621718049024,19,etape3_nouveau,False
CRI,TACH,7,2024,2031,13.038672123045476,18,etape3_nouveau,False
CRI,TACH,8,2024,2032,19.052785976163378,17,etape3_nouveau,False
CRI,TACH,9,2024,2033,10.090205665931482,16,etape3_nouveau,False
CRI,TACH,10,2024,2034,9.73680922713675,15,etape3_nouveau,False
DNK,TACH,1,2024,2025,5.518721826090235,24,etape3_nouveau,True
DNK,TACH,2,2024,2026,5.607043478260869,23,etape3_nouveau,True
DNK,TACH,3,2024,2027,5.667636363636364,22,etape3_nouveau,True
DNK,TACH,4,2024,2028,5.680476190476191,21,etape3_nouveau,True
DNK,TACH,5,2024,2029,5.7043,20,etape3_nouveau,True
DNK,TACH,6,2024,2030,5.750315789473684,19,etape3_nouveau,False
DNK,TACH,7,2024,2031,5.8532777777777785,18,etape3_nouveau,False
DNK,TACH,8,2024,2032,4.146936302656397,17,etape3_nouveau,False
DNK,TACH,9,2024,2033,1.4273797012440328,16,etape3_nouveau,False
DNK,TACH,10,2024,2034,0.7867503894079411,15,etape3_nouveau,False
CHL,TACH,1,2024,2025,8.580166666666667,24,etape3_nouveau,True
CHL,TACH,2,2024,2026,8.501478260869565,23,etape3_nouveau,True
CHL,TACH,3,2024,2027,8.425727272727272,22,etape3_nouveau,True
CHL,TACH,4,2024,2028,5.7093203517656725,21,etape3_nouveau,True
CHL,TACH,5,2024,2029,8.27195,20,etape3_nouveau,True
CHL,TACH,6,2024,2030,7.803852729093372,19,etape3_nouveau,False
CHL,TACH,7,2024,2031,7.729266976587572,18,etape3_nouveau,False
CHL,TACH,8,2024,2032,7.591530716060275,17,etape3_nouveau,False
CHL,TACH,9,2024,2033,8.976098235671849,16,etape3_nouveau,False
CHL,TACH,10,2024,2034,9.760033567517187,15,etape3_nouveau,False
MYS,TACH,1,2024,2025,3.894324471956005,24,etape3_nouveau,True
MYS,TACH,2,2024,2026,4.221548899632521,23,etape3_nouveau,True
MYS,TACH,3,2024,2027,3.6255176632557005,22,etape3_nouveau,True
MYS,TACH,4,2024,2028,3.5697871098086287,21,etape3_nouveau,True
MYS,TACH,5,2024,2029,4.235452448102004,20,etape3_nouveau,True
MYS,TACH,6,2024,2030,4.046983179024987,19,etape3_nouveau,False
MYS,TACH,7,2024,2031,3.2830559856456154,18,etape3_nouveau,False
MYS,TACH,8,2024,2032,3.2121345644525343,17,etape3_nouveau,False
MYS,TACH,9,2024,2033,4.904232970631872,16,etape3_nouveau,False
MYS,TACH,10,2024,2034,5.0590182026677954,15,etape3_nouveau,False
PRT,TACH,1,2024,2025,8.527178948594724,24,etape3_nouveau,True
PRT,TACH,2,2024,2026,7.6300828796562685,23,etape3_nouveau,True
PRT,TACH,3,2024,2027,7.881355463016986,22,etape3_nouveau,True
PRT,TACH,4,2024,2028,8.994319410238582,21,etape3_nouveau,True
PRT,TACH,5,2024,2029,10.251009244986536,20,etape3_nouveau,True
PRT,TACH,6,2024,2030,10.64396017117979,19,etape3_nouveau,False
PRT,TACH,7,2024,2031,10.618630732644558,18,etape3_nouveau,False
PRT,TACH,8,2024,2032,10.003654846894229,17,etape3_nouveau,False
PRT,TACH,9,2024,2033,5.783658637108237,16,etape3_nouveau,False
PRT,TACH,10,2024,2034,-1.5639604511991365,15,etape3_nouveau,False
TUR,TACH,1,2024,2025,9.870183335414037,24,etape3_nouveau,True
TUR,TACH,2,2024,2026,10.686828412853169,23,etape3_nouveau,True
TUR,TACH,3,2024,2027,10.613514699247851,22,etape3_nouveau,True
TUR,TACH,4,2024,2028,8.699845136964473,21,etape3_nouveau,True
TUR,TACH,5,2024,2029,7.479497947167324,20,etape3_nouveau,True
TUR,TACH,6,2024,2030,11.471767605239375,19,etape3_nouveau,False
TUR,TACH,7,2024,2031,10.743188607571502,18,etape3_nouveau,False
TUR,TACH,8,2024,2032,10.48227107321602,17,etape3_nouveau,False
TUR,TACH,9,2024,2033,10.9435,16,etape3_nouveau,False
TUR,TACH,10,2024,2034,7.353057803116668,15,etape3_nouveau,False
URY,TACH,1,2024,2025,8.858194912902846,24,etape3_nouveau,True
URY,TACH,2,2024,2026,9.208260869565219,23,etape3_nouveau,True
URY,TACH,3,2024,2027,8.87009090909091,22,etape3_nouveau,True
URY,TACH,4,2024,2028,8.499095238095238,21,etape3_nouveau,True
URY,TACH,5,2024,2029,7.987885216272767,20,etape3_nouveau,True
URY,TACH,6,2024,2030,8.00616580388612,19,etape3_nouveau,False
URY,TACH,7,2024,2031,8.147841448479813,18,etape3_nouveau,False
URY,TACH,8,2024,2032,6.301239278315581,17,etape3_nouveau,False
URY,TACH,9,2024,2033,8.824289098046735,16,etape3_nouveau,False
URY,TACH,10,2024,2034,7.959566511615657,15,etape3_nouveau,False
MAR,FBCF,1,2024,2025,26.985873772671624,24,etape2_fige,True
MAR,FBCF,2,2024,2026,27.147184316234227,23,etape2_fige,True
MAR,FBCF,3,2024,2027,27.30744087020855,22,etape2_fige,True
MAR,FBCF,4,2024,2028,27.704603846573686,21,etape2_fige,True
MAR,FBCF,5,2024,2029,27.153026796296537,20,etape2_fige,True
MAR,FBCF,6,2024,2030,24.562721310899015,19,etape3_nouveau,False
MAR,FBCF,7,2024,2031,29.492439497065696,18,etape3_nouveau,False
MAR,FBCF,8,2024,2032,31.625865287818336,17,etape3_nouveau,False
MAR,FBCF,9,2024,2033,28.205030918531378,16,etape3_nouveau,False
MAR,FBCF,10,2024,2034,28.06141339544664,15,etape3_nouveau,False
VNM,FBCF,1,2024,2025,30.74395983788531,24,etape3_nouveau,True
VNM,FBCF,2,2024,2026,30.076208265198208,23,etape3_nouveau,True
VNM,FBCF,3,2024,2027,29.640120036427852,22,etape3_nouveau,True
VNM,FBCF,4,2024,2028,30.958108619377867,21,etape3_nouveau,True
VNM,FBCF,5,2024,2029,30.843315376910038,20,etape3_nouveau,True
VNM,FBCF,6,2024,2030,30.82066891417216,19,etape3_nouveau,False
VNM,FBCF,7,2024,2031,30.790485144395834,18,etape3_nouveau,False
VNM,FBCF,8,2024,2032,30.536578133695436,17,etape3_nouveau,False
VNM,FBCF,9,2024,2033,31.986019982732138,16,etape3_nouveau,False
VNM,FBCF,10,2024,2034,30.230632875231144,15,etape3_nouveau,False
CRI,FBCF,1,2024,2025,17.77957761118843,24,etape3_nouveau,True
CRI,FBCF,2,2024,2026,14.209810115371805,23,etape3_nouveau,True
CRI,FBCF,3,2024,2027,14.23920653783503,22,etape3_nouveau,True
CRI,FBCF,4,2024,2028,12.856067689354667,21,etape3_nouveau,True
CRI,FBCF,5,2024,2029,9.873708763383831,20,etape3_nouveau,True
CRI,FBCF,6,2024,2030,11.26002439943106,19,etape3_nouveau,False
CRI,FBCF,7,2024,2031,15.087281627644487,18,etape3_nouveau,False
CRI,FBCF,8,2024,2032,15.37080089029946,17,etape3_nouveau,False
CRI,FBCF,9,2024,2033,11.019491714077702,16,etape3_nouveau,False
CRI,FBCF,10,2024,2034,13.312310922388583,15,etape3_nouveau,False
DNK,FBCF,1,2024,2025,22.856852961508835,24,etape3_nouveau,True
DNK,FBCF,2,2024,2026,23.090437864584942,23,etape3_nouveau,True
DNK,FBCF,3,2024,2027,21.177333180591635,22,etape3_nouveau,True
DNK,FBCF,4,2024,2028,15.020651037326889,21,etape3_nouveau,True
DNK,FBCF,5,2024,2029,17.437521102469994,20,etape3_nouveau,True
DNK,FBCF,6,2024,2030,18.681421449661016,19,etape3_nouveau,False
DNK,FBCF,7,2024,2031,19.2391848622785,18,etape3_nouveau,False
DNK,FBCF,8,2024,2032,17.747570927745553,17,etape3_nouveau,False
DNK,FBCF,9,2024,2033,17.515662939703148,16,etape3_nouveau,False
DNK,FBCF,10,2024,2034,20.79499293761591,15,etape3_nouveau,False
CHL,FBCF,1,2024,2025,23.771815176461438,24,etape3_nouveau,True
CHL,FBCF,2,2024,2026,23.96024509215416,23,etape3_nouveau,True
CHL,FBCF,3,2024,2027,23.740257198691324,22,etape3_nouveau,True
CHL,FBCF,4,2024,2028,21.172196836765956,21,etape3_nouveau,True
CHL,FBCF,5,2024,2029,24.138085763414107,20,etape3_nouveau,True
CHL,FBCF,6,2024,2030,24.202022989344595,19,etape3_nouveau,False
CHL,FBCF,7,2024,2031,24.351567391005364,18,etape3_nouveau,False
CHL,FBCF,8,2024,2032,24.72057742166567,17,etape3_nouveau,False
CHL,FBCF,9,2024,2033,29.95548282490821,16,etape3_nouveau,False
CHL,FBCF,10,2024,2034,23.794227744319304,15,etape3_nouveau,False
MYS,FBCF,1,2024,2025,20.6777720603692,24,etape3_nouveau,True
MYS,FBCF,2,2024,2026,21.468808282361007,23,etape3_nouveau,True
MYS,FBCF,3,2024,2027,25.04798730592571,22,etape3_nouveau,True
MYS,FBCF,4,2024,2028,27.112432891293857,21,etape3_nouveau,True
MYS,FBCF,5,2024,2029,28.862212499970695,20,etape3_nouveau,True
MYS,FBCF,6,2024,2030,29.078140974640455,19,etape3_nouveau,False
MYS,FBCF,7,2024,2031,30.845106191074265,18,etape3_nouveau,False
MYS,FBCF,8,2024,2032,28.43594994249424,17,etape3_nouveau,False
MYS,FBCF,9,2024,2033,25.34860767171372,16,etape3_nouveau,False
MYS,FBCF,10,2024,2034,21.194765913636733,15,etape3_nouveau,False
PRT,FBCF,1,2024,2025,20.15380196090106,24,etape3_nouveau,True
PRT,FBCF,2,2024,2026,19.904624232570693,23,etape3_nouveau,True
PRT,FBCF,3,2024,2027,19.571547218581358,22,etape3_nouveau,True
PRT,FBCF,4,2024,2028,19.372075995504844,21,etape3_nouveau,True
PRT,FBCF,5,2024,2029,19.169476425954425,20,etape3_nouveau,True
PRT,FBCF,6,2024,2030,18.961208046925915,19,etape3_nouveau,False
PRT,FBCF,7,2024,2031,18.762783296464868,18,etape3_nouveau,False
PRT,FBCF,8,2024,2032,18.542380994238215,17,etape3_nouveau,False
PRT,FBCF,9,2024,2033,21.49271882228076,16,etape3_nouveau,False
PRT,FBCF,10,2024,2034,22.3104509858101,15,etape3_nouveau,False
TUR,FBCF,1,2024,2025,30.10067666801038,24,etape3_nouveau,True
TUR,FBCF,2,2024,2026,28.856224616031554,23,etape3_nouveau,True
TUR,FBCF,3,2024,2027,28.707514561089763,22,etape3_nouveau,True
TUR,FBCF,4,2024,2028,30.696788692158734,21,etape3_nouveau,True
TUR,FBCF,5,2024,2029,30.173407640888747,20,etape3_nouveau,True
TUR,FBCF,6,2024,2030,29.864502444171237,19,etape3_nouveau,False
TUR,FBCF,7,2024,2031,29.86924527535863,18,etape3_nouveau,False
TUR,FBCF,8,2024,2032,30.90171733890512,17,etape3_nouveau,False
TUR,FBCF,9,2024,2033,29.94702267299217,16,etape3_nouveau,False
TUR,FBCF,10,2024,2034,30.22733780391128,15,etape3_nouveau,False
URY,FBCF,1,2024,2025,17.3310917464258,24,etape3_nouveau,True
URY,FBCF,2,2024,2026,17.538334965189915,23,etape3_nouveau,True
URY,FBCF,3,2024,2027,8.424233813617892,22,etape3_nouveau,True
URY,FBCF,4,2024,2028,14.500256085317881,21,etape3_nouveau,True
URY,FBCF,5,2024,2029,17.587964434569912,20,etape3_nouveau,True
URY,FBCF,6,2024,2030,19.063042163023756,19,etape3_nouveau,False
URY,FBCF,7,2024,2031,19.280360686727697,18,etape3_nouveau,False
URY,FBCF,8,2024,2032,18.539982504224316,17,etape3_nouveau,False
URY,FBCF,9,2024,2033,17.95655841568094,16,etape3_nouveau,False
URY,FBCF,10,2024,2034,17.525688154253636,15,etape3_nouveau,False
