cible,horizon,origin,target_year,y_true,y_pred,block,modele
CROISSANCE_PIB,1,2006,2007,3.44106776690418,2.6172301878035027,interne,reference_benchlearning_statistique
CROISSANCE_PIB,1,2007,2008,5.68453936284732,-1.2143677287604189,interne,reference_benchlearning_statistique
CROISSANCE_PIB,1,2008,2009,3.74576940136258,0.2766233218190094,interne,reference_benchlearning_statistique
CROISSANCE_PIB,1,2009,2010,3.49955709403216,-1.0099881937836606,interne,reference_benchlearning_statistique
CROISSANCE_PIB,1,2010,2011,5.52464523319847,1.180615088721002,interne,reference_benchlearning_statistique
CROISSANCE_PIB,1,2011,2012,3.06234368502997,5.117821716829042,interne,reference_benchlearning_statistique
CROISSANCE_PIB,1,2012,2013,4.12221286860944,0.9947066507826532,interne,reference_benchlearning_statistique
CROISSANCE_PIB,1,2013,2014,2.7192440802029,3.048546929724123,interne,reference_benchlearning_statistique
CROISSANCE_PIB,1,2014,2015,4.34458297635238,3.221550145331005,interne,reference_benchlearning_statistique
CROISSANCE_PIB,1,2015,2016,0.52118550608968,2.9758289711276253,interne,reference_benchlearning_statistique
CROISSANCE_PIB,1,2016,2017,5.05789816173446,2.779228984533357,interne,reference_benchlearning_statistique
CROISSANCE_PIB,1,2017,2018,3.06564133025955,2.2933981903944427,interne,reference_benchlearning_statistique
CROISSANCE_PIB,1,2018,2019,2.89097476137077,2.1612260482687633,interne,reference_benchlearning_statistique
CROISSANCE_PIB,1,2019,2020,-7.17820744246774,2.5644506371775146,interne,reference_benchlearning_statistique
CROISSANCE_PIB,1,2020,2021,8.15473889823681,2.0295333538794784,finale,reference_benchlearning_statistique
CROISSANCE_PIB,1,2021,2022,1.81269242194809,3.6317079727074475,finale,reference_benchlearning_statistique
CROISSANCE_PIB,1,2022,2023,3.65564411017931,3.76475508929307,finale,reference_benchlearning_statistique
CROISSANCE_PIB,1,2023,2024,3.79336515978963,2.382777336847034,finale,reference_benchlearning_statistique
CROISSANCE_PIB,2,2007,2009,3.74576940136258,-0.020089543345882976,interne,reference_benchlearning_statistique
CROISSANCE_PIB,2,2008,2010,3.49955709403216,1.50600845131165,interne,reference_benchlearning_statistique
CROISSANCE_PIB,2,2009,2011,5.52464523319847,0.0917076446976492,interne,reference_benchlearning_statistique
CROISSANCE_PIB,2,2010,2012,3.06234368502997,9.071477455222277,interne,reference_benchlearning_statistique
CROISSANCE_PIB,2,2011,2013,4.12221286860944,1.357516904211139,interne,reference_benchlearning_statistique
CROISSANCE_PIB,2,2012,2014,2.7192440802029,-0.8189965244803017,interne,reference_benchlearning_statistique
CROISSANCE_PIB,2,2013,2015,4.34458297635238,1.4073575508281284,interne,reference_benchlearning_statistique
CROISSANCE_PIB,2,2014,2016,0.52118550608968,2.213252107353764,interne,reference_benchlearning_statistique
CROISSANCE_PIB,2,2015,2017,5.05789816173446,2.1864431056329323,interne,reference_benchlearning_statistique
CROISSANCE_PIB,2,2016,2018,3.06564133025955,2.3721878855863743,interne,reference_benchlearning_statistique
CROISSANCE_PIB,2,2017,2019,2.89097476137077,2.2105155887771017,interne,reference_benchlearning_statistique
CROISSANCE_PIB,2,2018,2020,-7.17820744246774,2.0842537956286504,interne,reference_benchlearning_statistique
CROISSANCE_PIB,2,2019,2021,8.15473889823681,2.6497604881865393,finale,reference_benchlearning_statistique
CROISSANCE_PIB,2,2020,2022,1.81269242194809,1.9571556522080873,finale,reference_benchlearning_statistique
CROISSANCE_PIB,2,2021,2023,3.65564411017931,2.5574782849223636,finale,reference_benchlearning_statistique
CROISSANCE_PIB,2,2022,2024,3.79336515978963,1.875854525947466,finale,reference_benchlearning_statistique
CROISSANCE_PIB,3,2008,2011,5.52464523319847,1.951591486726995,interne,reference_benchlearning_statistique
CROISSANCE_PIB,3,2009,2012,3.06234368502997,1.1942790671109735,interne,reference_benchlearning_statistique
CROISSANCE_PIB,3,2010,2013,4.12221286860944,1.6932762819051708,interne,reference_benchlearning_statistique
CROISSANCE_PIB,3,2011,2014,2.7192440802029,1.6654392487475755,interne,reference_benchlearning_statistique
CROISSANCE_PIB,3,2012,2015,4.34458297635238,1.7304794567091968,interne,reference_benchlearning_statistique
CROISSANCE_PIB,3,2013,2016,0.52118550608968,1.9099586523853205,interne,reference_benchlearning_statistique
CROISSANCE_PIB,3,2014,2017,5.05789816173446,2.1755146817937847,interne,reference_benchlearning_statistique
CROISSANCE_PIB,3,2015,2018,3.06564133025955,2.366976587346853,interne,reference_benchlearning_statistique
CROISSANCE_PIB,3,2016,2019,2.89097476137077,2.5146195478307454,interne,reference_benchlearning_statistique
CROISSANCE_PIB,3,2017,2020,-7.17820744246774,2.584913461220081,interne,reference_benchlearning_statistique
CROISSANCE_PIB,3,2018,2021,8.15473889823681,2.6780080208540507,finale,reference_benchlearning_statistique
CROISSANCE_PIB,3,2019,2022,1.81269242194809,2.7969026893523425,finale,reference_benchlearning_statistique
CROISSANCE_PIB,3,2020,2023,3.65564411017931,2.321299892147607,finale,reference_benchlearning_statistique
CROISSANCE_PIB,3,2021,2024,3.79336515978963,3.1549853828414145,finale,reference_benchlearning_statistique
CROISSANCE_PIB,4,2009,2013,4.12221286860944,1.495577494815123,interne,reference_benchlearning_statistique
CROISSANCE_PIB,4,2010,2014,2.7192440802029,1.9972799179898937,interne,reference_benchlearning_statistique
CROISSANCE_PIB,4,2011,2015,4.34458297635238,1.9757488632677913,interne,reference_benchlearning_statistique
CROISSANCE_PIB,4,2012,2016,0.52118550608968,1.8483852186035383,interne,reference_benchlearning_statistique
CROISSANCE_PIB,4,2013,2017,5.05789816173446,1.9470025557905566,interne,reference_benchlearning_statistique
CROISSANCE_PIB,4,2014,2018,3.06564133025955,2.0800253229276167,interne,reference_benchlearning_statistique
CROISSANCE_PIB,4,2015,2019,2.89097476137077,2.2385425187529346,interne,reference_benchlearning_statistique
CROISSANCE_PIB,4,2016,2020,-7.17820744246774,2.42284043175112,interne,reference_benchlearning_statistique
CROISSANCE_PIB,4,2017,2021,8.15473889823681,2.6195119382458683,finale,reference_benchlearning_statistique
CROISSANCE_PIB,4,2018,2022,1.81269242194809,2.693862636441812,finale,reference_benchlearning_statistique
CROISSANCE_PIB,4,2019,2023,3.65564411017931,2.8036773601829044,finale,reference_benchlearning_statistique
CROISSANCE_PIB,4,2020,2024,3.79336515978963,2.561209996787193,finale,reference_benchlearning_statistique
CROISSANCE_PIB,5,2010,2015,4.34458297635238,1.6610314787842573,interne,reference_benchlearning_statistique
CROISSANCE_PIB,5,2011,2016,0.52118550608968,1.7812601833176815,interne,reference_benchlearning_statistique
CROISSANCE_PIB,5,2012,2017,5.05789816173446,1.6849809680347763,interne,reference_benchlearning_statistique
CROISSANCE_PIB,5,2013,2018,3.06564133025955,1.7898799184668421,interne,reference_benchlearning_statistique
CROISSANCE_PIB,5,2014,2019,2.89097476137077,1.922508012234407,interne,reference_benchlearning_statistique
CROISSANCE_PIB,5,2015,2020,-7.17820744246774,2.0997820556520086,interne,reference_benchlearning_statistique
CROISSANCE_PIB,5,2016,2021,8.15473889823681,2.3217025096029906,finale,reference_benchlearning_statistique
CROISSANCE_PIB,5,2017,2022,1.81269242194809,2.4961015196311838,finale,reference_benchlearning_statistique
CROISSANCE_PIB,5,2018,2023,3.65564411017931,2.58734065645143,finale,reference_benchlearning_statistique
CROISSANCE_PIB,5,2019,2024,3.79336515978963,2.712028804779746,finale,reference_benchlearning_statistique
INFLATION_CPI,1,2007,2008,3.71484311494064,3.2005692066852474,interne,reference_benchlearning_statistique
INFLATION_CPI,1,2008,2009,0.971862998667636,4.290214089249525,interne,reference_benchlearning_statistique
INFLATION_CPI,1,2009,2010,0.993557401226392,2.20999970926107,interne,reference_benchlearning_statistique
INFLATION_CPI,1,2010,2011,0.9069249096918,2.9644383651760875,interne,reference_benchlearning_statistique
INFLATION_CPI,1,2011,2012,1.28712240079219,3.6681592854696397,interne,reference_benchlearning_statistique
INFLATION_CPI,1,2012,2013,1.88065466724086,3.82732433266919,interne,reference_benchlearning_statistique
INFLATION_CPI,1,2013,2014,0.442310053557048,3.732965042446641,interne,reference_benchlearning_statistique
INFLATION_CPI,1,2014,2015,1.5579071134626,3.4295905516738605,interne,reference_benchlearning_statistique
INFLATION_CPI,1,2015,2016,1.63531114327064,2.660427939656611,interne,reference_benchlearning_statistique
INFLATION_CPI,1,2016,2017,0.754663249323619,2.107703200243427,interne,reference_benchlearning_statistique
INFLATION_CPI,1,2017,2018,1.80391671141896,2.1105715204174564,interne,reference_benchlearning_statistique
INFLATION_CPI,1,2018,2019,0.303386036590383,2.238562491728979,interne,reference_benchlearning_statistique
INFLATION_CPI,1,2019,2020,0.705968661338261,2.1825866706012933,interne,reference_benchlearning_statistique
INFLATION_CPI,1,2020,2021,1.40195883962006,1.4124832199898179,finale,reference_benchlearning_statistique
INFLATION_CPI,1,2021,2022,6.65704202759067,1.7567015862135698,finale,reference_benchlearning_statistique
INFLATION_CPI,1,2022,2023,6.09114152504141,4.145668226755939,finale,reference_benchlearning_statistique
INFLATION_CPI,1,2023,2024,0.985256592004507,0.21108172879119363,finale,reference_benchlearning_statistique
INFLATION_CPI,2,2008,2010,0.993557401226392,2.636130881252046,interne,reference_benchlearning_statistique
INFLATION_CPI,2,2009,2011,0.9069249096918,2.0161531704969757,interne,reference_benchlearning_statistique
INFLATION_CPI,2,2010,2012,1.28712240079219,4.163495360537662,interne,reference_benchlearning_statistique
INFLATION_CPI,2,2011,2013,1.88065466724086,4.310151250477656,interne,reference_benchlearning_statistique
INFLATION_CPI,2,2012,2014,0.442310053557048,3.2699404188461987,interne,reference_benchlearning_statistique
INFLATION_CPI,2,2013,2015,1.5579071134626,3.6796296646621647,interne,reference_benchlearning_statistique
INFLATION_CPI,2,2014,2016,1.63531114327064,3.502044967116408,interne,reference_benchlearning_statistique
INFLATION_CPI,2,2015,2017,0.754663249323619,2.793144052320939,interne,reference_benchlearning_statistique
INFLATION_CPI,2,2016,2018,1.80391671141896,2.448728834300669,interne,reference_benchlearning_statistique
INFLATION_CPI,2,2017,2019,0.303386036590383,1.924591120345727,interne,reference_benchlearning_statistique
INFLATION_CPI,2,2018,2020,0.705968661338261,1.742684036900594,interne,reference_benchlearning_statistique
INFLATION_CPI,2,2019,2021,1.40195883962006,2.047480719568217,finale,reference_benchlearning_statistique
INFLATION_CPI,2,2020,2022,6.65704202759067,1.5991463139125386,finale,reference_benchlearning_statistique
INFLATION_CPI,2,2021,2023,6.09114152504141,2.088712463777668,finale,reference_benchlearning_statistique
INFLATION_CPI,2,2022,2024,0.985256592004507,0.15857784272302988,finale,reference_benchlearning_statistique
INFLATION_CPI,3,2008,2011,0.9069249096918,3.1140412888833606,interne,reference_benchlearning_statistique
INFLATION_CPI,3,2009,2012,1.28712240079219,4.070403018928538,interne,reference_benchlearning_statistique
INFLATION_CPI,3,2010,2013,1.88065466724086,3.6795825613638034,interne,reference_benchlearning_statistique
INFLATION_CPI,3,2011,2014,0.442310053557048,3.8531692253552188,interne,reference_benchlearning_statistique
INFLATION_CPI,3,2012,2015,1.5579071134626,4.114683906907325,interne,reference_benchlearning_statistique
INFLATION_CPI,3,2013,2016,1.63531114327064,4.23761514188283,interne,reference_benchlearning_statistique
INFLATION_CPI,3,2014,2017,0.754663249323619,4.165712457417042,interne,reference_benchlearning_statistique
INFLATION_CPI,3,2015,2018,1.80391671141896,2.7790590663251606,interne,reference_benchlearning_statistique
INFLATION_CPI,3,2016,2019,0.303386036590383,1.6509880177427294,interne,reference_benchlearning_statistique
INFLATION_CPI,3,2017,2020,0.705968661338261,1.5606358822293618,interne,reference_benchlearning_statistique
INFLATION_CPI,3,2018,2021,1.40195883962006,1.911927790552038,finale,reference_benchlearning_statistique
INFLATION_CPI,3,2019,2022,6.65704202759067,2.4732771828256075,finale,reference_benchlearning_statistique
INFLATION_CPI,3,2020,2023,6.09114152504141,3.102037706816243,finale,reference_benchlearning_statistique
INFLATION_CPI,3,2021,2024,0.985256592004507,1.6843048314096418,finale,reference_benchlearning_statistique
INFLATION_CPI,4,2009,2013,1.88065466724086,4.232762712453297,interne,reference_benchlearning_statistique
INFLATION_CPI,4,2010,2014,0.442310053557048,1.480633081031862,interne,reference_benchlearning_statistique
INFLATION_CPI,4,2011,2015,1.5579071134626,2.043769670235271,interne,reference_benchlearning_statistique
INFLATION_CPI,4,2012,2016,1.63531114327064,4.3521109421706505,interne,reference_benchlearning_statistique
INFLATION_CPI,4,2013,2017,0.754663249323619,5.613373842924751,interne,reference_benchlearning_statistique
INFLATION_CPI,4,2014,2018,1.80391671141896,4.743590200269161,interne,reference_benchlearning_statistique
INFLATION_CPI,4,2015,2019,0.303386036590383,3.906126551812042,interne,reference_benchlearning_statistique
INFLATION_CPI,4,2016,2020,0.705968661338261,2.809627497474526,interne,reference_benchlearning_statistique
INFLATION_CPI,4,2017,2021,1.40195883962006,1.5231722473818512,finale,reference_benchlearning_statistique
INFLATION_CPI,4,2018,2022,6.65704202759067,1.5047229074000998,finale,reference_benchlearning_statistique
INFLATION_CPI,4,2019,2023,6.09114152504141,1.2233895376280945,finale,reference_benchlearning_statistique
INFLATION_CPI,4,2020,2024,0.985256592004507,2.170131871428512,finale,reference_benchlearning_statistique
INFLATION_CPI,5,2010,2015,1.5579071134626,3.886995950276404,interne,reference_benchlearning_statistique
INFLATION_CPI,5,2011,2016,1.63531114327064,4.111476721023065,interne,reference_benchlearning_statistique
INFLATION_CPI,5,2012,2017,0.754663249323619,3.910145551740506,interne,reference_benchlearning_statistique
INFLATION_CPI,5,2013,2018,1.80391671141896,3.797175833446583,interne,reference_benchlearning_statistique
INFLATION_CPI,5,2014,2019,0.303386036590383,3.5817159488141623,interne,reference_benchlearning_statistique
INFLATION_CPI,5,2015,2020,0.705968661338261,3.52255316615127,interne,reference_benchlearning_statistique
INFLATION_CPI,5,2016,2021,1.40195883962006,3.4748058353960367,finale,reference_benchlearning_statistique
INFLATION_CPI,5,2017,2022,6.65704202759067,3.566840703977906,finale,reference_benchlearning_statistique
INFLATION_CPI,5,2018,2023,6.09114152504141,3.5225044224664868,finale,reference_benchlearning_statistique
INFLATION_CPI,5,2019,2024,0.985256592004507,3.55947078261418,finale,reference_benchlearning_statistique
SOBG,1,2011,2012,-6.6317595696544,0.07664070745831497,interne,reference_benchlearning_statistique
SOBG,1,2012,2013,-4.7017527249975,-0.17453363506733555,interne,reference_benchlearning_statistique
SOBG,1,2013,2014,-4.7796503883354,-0.489539282586134,interne,reference_benchlearning_statistique
SOBG,1,2014,2015,-4.5930742477301,-0.779430439601192,interne,reference_benchlearning_statistique
SOBG,1,2015,2016,-4.4855400029957,-0.6971788104681739,interne,reference_benchlearning_statistique
SOBG,1,2016,2017,-3.3034872638492,-0.8792044141224943,interne,reference_benchlearning_statistique
SOBG,1,2017,2018,-3.5214990834454,-0.9858313955035166,interne,reference_benchlearning_statistique
SOBG,1,2018,2019,-3.8036360454124,-1.1944893259316762,interne,reference_benchlearning_statistique
SOBG,1,2019,2020,-7.1470874560234,-1.2679928012972161,interne,reference_benchlearning_statistique
SOBG,1,2020,2021,-5.9244105125583,-4.599698844314709,finale,reference_benchlearning_statistique
SOBG,1,2021,2022,-5.3656212805282,-1.148362379905587,finale,reference_benchlearning_statistique
SOBG,1,2022,2023,-4.4062396285274,0.7287701239740438,finale,reference_benchlearning_statistique
SOBG,1,2023,2024,-3.922221571142,-2.33155393121072,finale,reference_benchlearning_statistique
SOBG,2,2012,2014,-4.7796503883354,-0.2367420705626484,interne,reference_benchlearning_statistique
SOBG,2,2013,2015,-4.5930742477301,0.027626933294934486,interne,reference_benchlearning_statistique
SOBG,2,2014,2016,-4.4855400029957,-0.15452645078896132,interne,reference_benchlearning_statistique
SOBG,2,2015,2017,-3.3034872638492,-0.6417805034142644,interne,reference_benchlearning_statistique
SOBG,2,2016,2018,-3.5214990834454,-0.8248727365137001,interne,reference_benchlearning_statistique
SOBG,2,2017,2019,-3.8036360454124,-1.322890069305506,interne,reference_benchlearning_statistique
SOBG,2,2018,2020,-7.1470874560234,-1.3997468947157112,interne,reference_benchlearning_statistique
SOBG,2,2019,2021,-5.9244105125583,-1.6559338248830704,finale,reference_benchlearning_statistique
SOBG,2,2020,2022,-5.3656212805282,-2.8456196851055093,finale,reference_benchlearning_statistique
SOBG,2,2021,2023,-4.4062396285274,-1.248606088675062,finale,reference_benchlearning_statistique
SOBG,2,2022,2024,-3.922221571142,-0.4392031426699543,finale,reference_benchlearning_statistique
SOBG,3,2013,2016,-4.4855400029957,0.7725419561940732,interne,reference_benchlearning_statistique
SOBG,3,2014,2017,-3.3034872638492,1.01412829833948,interne,reference_benchlearning_statistique
SOBG,3,2015,2018,-3.5214990834454,0.5667573605181614,interne,reference_benchlearning_statistique
SOBG,3,2016,2019,-3.8036360454124,0.2268781125083711,interne,reference_benchlearning_statistique
SOBG,3,2017,2020,-7.1470874560234,-0.44626292247608934,interne,reference_benchlearning_statistique
SOBG,3,2018,2021,-5.9244105125583,-0.6802730623118112,finale,reference_benchlearning_statistique
SOBG,3,2019,2022,-5.3656212805282,-0.6865370584464661,finale,reference_benchlearning_statistique
SOBG,3,2020,2023,-4.4062396285274,-1.7377972384301963,finale,reference_benchlearning_statistique
SOBG,3,2021,2024,-3.922221571142,-3.393601272923045,finale,reference_benchlearning_statistique
SOBG,4,2012,2016,-4.4855400029957,1.630857473700949,interne,reference_benchlearning_statistique
SOBG,4,2013,2017,-3.3034872638492,0.1960755289260918,interne,reference_benchlearning_statistique
SOBG,4,2014,2018,-3.5214990834454,-0.05678076066463855,interne,reference_benchlearning_statistique
SOBG,4,2015,2019,-3.8036360454124,-0.24607794238363978,interne,reference_benchlearning_statistique
SOBG,4,2016,2020,-7.1470874560234,-0.27972854628989363,interne,reference_benchlearning_statistique
SOBG,4,2017,2021,-5.9244105125583,-0.3177586617104573,finale,reference_benchlearning_statistique
SOBG,4,2018,2022,-5.3656212805282,-0.3715833030802915,finale,reference_benchlearning_statistique
SOBG,4,2019,2023,-4.4062396285274,-0.4092304446592431,finale,reference_benchlearning_statistique
SOBG,4,2020,2024,-3.922221571142,-0.9335546374828075,finale,reference_benchlearning_statistique
SOBG,5,2015,2020,-7.1470874560234,-0.8311377649304321,interne,reference_benchlearning_statistique
SOBG,5,2016,2021,-5.9244105125583,-1.7389826298817042,finale,reference_benchlearning_statistique
SOBG,5,2017,2022,-5.3656212805282,-1.6045666886797263,finale,reference_benchlearning_statistique
SOBG,5,2018,2023,-4.4062396285274,-0.9432973055596,finale,reference_benchlearning_statistique
SOBG,5,2019,2024,-3.922221571142,-1.515486209833162,finale,reference_benchlearning_statistique
DETTE_PUBLIQUE,1,2011,2012,52.3,46.84612696624433,interne,reference_benchlearning_statistique
DETTE_PUBLIQUE,1,2012,2013,57.1,46.02080243847085,interne,reference_benchlearning_statistique
DETTE_PUBLIQUE,1,2013,2014,58.6,43.210475078367466,interne,reference_benchlearning_statistique
DETTE_PUBLIQUE,1,2014,2015,58.4,43.64094301577103,interne,reference_benchlearning_statistique
DETTE_PUBLIQUE,1,2015,2016,60.1,41.98182606432542,interne,reference_benchlearning_statistique
DETTE_PUBLIQUE,1,2016,2017,60.3,42.93488097235932,interne,reference_benchlearning_statistique
DETTE_PUBLIQUE,1,2017,2018,60.5,42.361230180282746,interne,reference_benchlearning_statistique
DETTE_PUBLIQUE,1,2018,2019,60.3,43.777421917160865,interne,reference_benchlearning_statistique
DETTE_PUBLIQUE,1,2019,2020,72.2,44.3524980282192,interne,reference_benchlearning_statistique
DETTE_PUBLIQUE,1,2020,2021,69.4,56.873333951173464,finale,reference_benchlearning_statistique
DETTE_PUBLIQUE,1,2021,2022,71.4,48.77352480486979,finale,reference_benchlearning_statistique
DETTE_PUBLIQUE,1,2022,2023,68.7,42.438626517712066,finale,reference_benchlearning_statistique
DETTE_PUBLIQUE,1,2023,2024,67.7,50.25687409928839,finale,reference_benchlearning_statistique
DETTE_PUBLIQUE,2,2012,2014,58.6,43.5926762243906,interne,reference_benchlearning_statistique
DETTE_PUBLIQUE,2,2013,2015,58.4,41.91152773563557,interne,reference_benchlearning_statistique
DETTE_PUBLIQUE,2,2014,2016,60.1,40.14578582460816,interne,reference_benchlearning_statistique
DETTE_PUBLIQUE,2,2015,2017,60.3,40.726584222119655,interne,reference_benchlearning_statistique
DETTE_PUBLIQUE,2,2016,2018,60.5,42.47034900531668,interne,reference_benchlearning_statistique
DETTE_PUBLIQUE,2,2017,2019,60.3,43.87549927224606,interne,reference_benchlearning_statistique
DETTE_PUBLIQUE,2,2018,2020,72.2,45.10297538759017,interne,reference_benchlearning_statistique
DETTE_PUBLIQUE,2,2019,2021,69.4,46.99250173118642,finale,reference_benchlearning_statistique
DETTE_PUBLIQUE,2,2020,2022,71.4,54.1610200872633,finale,reference_benchlearning_statistique
DETTE_PUBLIQUE,2,2021,2023,68.7,56.30802481606666,finale,reference_benchlearning_statistique
DETTE_PUBLIQUE,2,2022,2024,67.7,47.609092711029746,finale,reference_benchlearning_statistique
DETTE_PUBLIQUE,3,2013,2016,60.1,39.274282285483636,interne,reference_benchlearning_statistique
DETTE_PUBLIQUE,3,2014,2017,60.3,41.67214959163758,interne,reference_benchlearning_statistique
DETTE_PUBLIQUE,3,2015,2018,60.5,40.96234035191688,interne,reference_benchlearning_statistique
DETTE_PUBLIQUE,3,2016,2019,60.3,42.1699710680256,interne,reference_benchlearning_statistique
DETTE_PUBLIQUE,3,2017,2020,72.2,43.06487926649119,interne,reference_benchlearning_statistique
DETTE_PUBLIQUE,3,2018,2021,69.4,44.77086441788552,finale,reference_benchlearning_statistique
DETTE_PUBLIQUE,3,2019,2022,71.4,45.23675853310445,finale,reference_benchlearning_statistique
DETTE_PUBLIQUE,3,2020,2023,68.7,54.75109687106449,finale,reference_benchlearning_statistique
DETTE_PUBLIQUE,3,2021,2024,67.7,61.70889833952598,finale,reference_benchlearning_statistique
DETTE_PUBLIQUE,4,2012,2016,60.1,41.25339975389202,interne,reference_benchlearning_statistique
DETTE_PUBLIQUE,4,2013,2017,60.3,42.34641385663807,interne,reference_benchlearning_statistique
DETTE_PUBLIQUE,4,2014,2018,60.5,38.69672424763598,interne,reference_benchlearning_statistique
DETTE_PUBLIQUE,4,2015,2019,60.3,39.91585160470588,interne,reference_benchlearning_statistique
DETTE_PUBLIQUE,4,2016,2020,72.2,41.323155005919396,interne,reference_benchlearning_statistique
DETTE_PUBLIQUE,4,2017,2021,69.4,42.357129408841175,finale,reference_benchlearning_statistique
DETTE_PUBLIQUE,4,2018,2022,71.4,42.58367401816232,finale,reference_benchlearning_statistique
DETTE_PUBLIQUE,4,2019,2023,68.7,42.66562112995783,finale,reference_benchlearning_statistique
DETTE_PUBLIQUE,4,2020,2024,67.7,46.25177452019514,finale,reference_benchlearning_statistique
DETTE_PUBLIQUE,5,2015,2020,72.2,40.8051775857139,interne,reference_benchlearning_statistique
DETTE_PUBLIQUE,5,2016,2021,69.4,40.44480917642514,finale,reference_benchlearning_statistique
DETTE_PUBLIQUE,5,2017,2022,71.4,40.620019410500475,finale,reference_benchlearning_statistique
DETTE_PUBLIQUE,5,2018,2023,68.7,41.11897849176177,finale,reference_benchlearning_statistique
DETTE_PUBLIQUE,5,2019,2024,67.7,42.664317459580815,finale,reference_benchlearning_statistique
BALANCE_COURANTE,1,2006,2007,-0.140355839695735,3.317618865363792,interne,reference_benchlearning_statistique
BALANCE_COURANTE,1,2007,2008,-4.4474051229375,1.4954882234613658,interne,reference_benchlearning_statistique
BALANCE_COURANTE,1,2008,2009,-4.91456971921294,0.9257015683179124,interne,reference_benchlearning_statistique
BALANCE_COURANTE,1,2009,2010,-3.89149487244856,2.6582793008137187,interne,reference_benchlearning_statistique
BALANCE_COURANTE,1,2010,2011,-7.26703537698178,1.6834235211058073,interne,reference_benchlearning_statistique
BALANCE_COURANTE,1,2011,2012,-8.95034696939187,2.7028360295417073,interne,reference_benchlearning_statistique
BALANCE_COURANTE,1,2012,2013,-6.77731894447504,2.8867677164658616,interne,reference_benchlearning_statistique
BALANCE_COURANTE,1,2013,2014,-5.53783287947428,3.3795919801488186,interne,reference_benchlearning_statistique
BALANCE_COURANTE,1,2014,2015,-1.95690775142638,4.379222088210968,interne,reference_benchlearning_statistique
BALANCE_COURANTE,1,2015,2016,-3.74613174513,4.0083086225025575,interne,reference_benchlearning_statistique
BALANCE_COURANTE,1,2016,2017,-3.10210665362039,3.9742653400408434,interne,reference_benchlearning_statistique
BALANCE_COURANTE,1,2017,2018,-4.87290163435469,3.6291908196033837,interne,reference_benchlearning_statistique
BALANCE_COURANTE,1,2018,2019,-3.4182057355437,2.8422246102951663,interne,reference_benchlearning_statistique
BALANCE_COURANTE,1,2019,2020,-1.1275993199651,3.272840475568496,interne,reference_benchlearning_statistique
BALANCE_COURANTE,1,2020,2021,-2.35786783699057,3.240476078701997,finale,reference_benchlearning_statistique
BALANCE_COURANTE,1,2021,2022,-3.6574911910038,2.9749139167301797,finale,reference_benchlearning_statistique
BALANCE_COURANTE,1,2022,2023,-1.04767760599469,3.159411415186982,finale,reference_benchlearning_statistique
BALANCE_COURANTE,1,2023,2024,-1.23072108998601,2.7061356562238013,finale,reference_benchlearning_statistique
BALANCE_COURANTE,2,2007,2009,-4.91456971921294,0.7283005113163267,interne,reference_benchlearning_statistique
BALANCE_COURANTE,2,2008,2010,-3.89149487244856,1.2687462123136688,interne,reference_benchlearning_statistique
BALANCE_COURANTE,2,2009,2011,-7.26703537698178,1.1173592968908048,interne,reference_benchlearning_statistique
BALANCE_COURANTE,2,2010,2012,-8.95034696939187,-0.5357156630482791,interne,reference_benchlearning_statistique
BALANCE_COURANTE,2,2011,2013,-6.77731894447504,1.3588222466471844,interne,reference_benchlearning_statistique
BALANCE_COURANTE,2,2012,2014,-5.53783287947428,3.106103971781013,interne,reference_benchlearning_statistique
BALANCE_COURANTE,2,2013,2015,-1.95690775142638,3.783751109478801,interne,reference_benchlearning_statistique
BALANCE_COURANTE,2,2014,2016,-3.74613174513,3.9520232425492257,interne,reference_benchlearning_statistique
BALANCE_COURANTE,2,2015,2017,-3.10210665362039,4.065593694896633,interne,reference_benchlearning_statistique
BALANCE_COURANTE,2,2016,2018,-4.87290163435469,4.274814959549572,interne,reference_benchlearning_statistique
BALANCE_COURANTE,2,2017,2019,-3.4182057355437,4.6943042261905905,interne,reference_benchlearning_statistique
BALANCE_COURANTE,2,2018,2020,-1.1275993199651,3.280250092769515,interne,reference_benchlearning_statistique
BALANCE_COURANTE,2,2019,2021,-2.35786783699057,3.730874323524338,finale,reference_benchlearning_statistique
BALANCE_COURANTE,2,2020,2022,-3.6574911910038,3.458589932681912,finale,reference_benchlearning_statistique
BALANCE_COURANTE,2,2021,2023,-1.04767760599469,4.317074948702326,finale,reference_benchlearning_statistique
BALANCE_COURANTE,2,2022,2024,-1.23072108998601,3.8807079190089873,finale,reference_benchlearning_statistique
BALANCE_COURANTE,3,2008,2011,-7.26703537698178,0.868352130874499,interne,reference_benchlearning_statistique
BALANCE_COURANTE,3,2009,2012,-8.95034696939187,2.21297548311278,interne,reference_benchlearning_statistique
BALANCE_COURANTE,3,2010,2013,-6.77731894447504,1.1765055156673307,interne,reference_benchlearning_statistique
BALANCE_COURANTE,3,2011,2014,-5.53783287947428,3.301056909547767,interne,reference_benchlearning_statistique
BALANCE_COURANTE,3,2012,2015,-1.95690775142638,4.736004980511404,interne,reference_benchlearning_statistique
BALANCE_COURANTE,3,2013,2016,-3.74613174513,5.890340018025448,interne,reference_benchlearning_statistique
BALANCE_COURANTE,3,2014,2017,-3.10210665362039,4.749089004727674,interne,reference_benchlearning_statistique
BALANCE_COURANTE,3,2015,2018,-4.87290163435469,4.670474320711083,interne,reference_benchlearning_statistique
BALANCE_COURANTE,3,2016,2019,-3.4182057355437,3.6511186591596156,interne,reference_benchlearning_statistique
BALANCE_COURANTE,3,2017,2020,-1.1275993199651,3.5076459184329587,interne,reference_benchlearning_statistique
BALANCE_COURANTE,3,2018,2021,-2.35786783699057,2.669900259093414,finale,reference_benchlearning_statistique
BALANCE_COURANTE,3,2019,2022,-3.6574911910038,3.1796066299608743,finale,reference_benchlearning_statistique
BALANCE_COURANTE,3,2020,2023,-1.04767760599469,2.8751405172861233,finale,reference_benchlearning_statistique
BALANCE_COURANTE,3,2021,2024,-1.23072108998601,2.752064447637841,finale,reference_benchlearning_statistique
BALANCE_COURANTE,4,2009,2013,-6.77731894447504,0.8486429738662706,interne,reference_benchlearning_statistique
BALANCE_COURANTE,4,2010,2014,-5.53783287947428,4.930441630917648,interne,reference_benchlearning_statistique
BALANCE_COURANTE,4,2011,2015,-1.95690775142638,5.326814676695445,interne,reference_benchlearning_statistique
BALANCE_COURANTE,4,2012,2016,-3.74613174513,5.946507510682784,interne,reference_benchlearning_statistique
BALANCE_COURANTE,4,2013,2017,-3.10210665362039,6.826121029151973,interne,reference_benchlearning_statistique
BALANCE_COURANTE,4,2014,2018,-4.87290163435469,5.90519394473983,interne,reference_benchlearning_statistique
BALANCE_COURANTE,4,2015,2019,-3.4182057355437,5.994276359335283,interne,reference_benchlearning_statistique
BALANCE_COURANTE,4,2016,2020,-1.1275993199651,5.167689062242927,interne,reference_benchlearning_statistique
BALANCE_COURANTE,4,2017,2021,-2.35786783699057,3.3346590246153216,finale,reference_benchlearning_statistique
BALANCE_COURANTE,4,2018,2022,-3.6574911910038,2.304584559797048,finale,reference_benchlearning_statistique
BALANCE_COURANTE,4,2019,2023,-1.04767760599469,2.407072314950434,finale,reference_benchlearning_statistique
BALANCE_COURANTE,4,2020,2024,-1.23072108998601,2.9532400649989605,finale,reference_benchlearning_statistique
BALANCE_COURANTE,5,2010,2015,-1.95690775142638,5.625385751416584,interne,reference_benchlearning_statistique
BALANCE_COURANTE,5,2011,2016,-3.74613174513,5.000509974615787,interne,reference_benchlearning_statistique
BALANCE_COURANTE,5,2012,2017,-3.10210665362039,4.428061463819715,interne,reference_benchlearning_statistique
BALANCE_COURANTE,5,2013,2018,-4.87290163435469,6.181696197192709,interne,reference_benchlearning_statistique
BALANCE_COURANTE,5,2014,2019,-3.4182057355437,7.391052765168813,interne,reference_benchlearning_statistique
BALANCE_COURANTE,5,2015,2020,-1.1275993199651,5.479235967319774,interne,reference_benchlearning_statistique
BALANCE_COURANTE,5,2016,2021,-2.35786783699057,4.665251472918081,finale,reference_benchlearning_statistique
BALANCE_COURANTE,5,2017,2022,-3.6574911910038,4.65515990235807,finale,reference_benchlearning_statistique
BALANCE_COURANTE,5,2018,2023,-1.04767760599469,1.8113096608438732,finale,reference_benchlearning_statistique
BALANCE_COURANTE,5,2019,2024,-1.23072108998601,3.2865818024457534,finale,reference_benchlearning_statistique
TACH,1,2006,2007,9.56,4.527641138286289,interne,reference_benchlearning_statistique
TACH,1,2007,2008,9.57,4.396896523245205,interne,reference_benchlearning_statistique
TACH,1,2008,2009,8.96,4.443019439158158,interne,reference_benchlearning_statistique
TACH,1,2009,2010,9.09,5.796457396909244,interne,reference_benchlearning_statistique
TACH,1,2010,2011,8.91,6.567233856507885,interne,reference_benchlearning_statistique
TACH,1,2011,2012,8.99,5.270686397494099,interne,reference_benchlearning_statistique
TACH,1,2012,2013,9.23,6.757014189315983,interne,reference_benchlearning_statistique
TACH,1,2013,2014,9.7,6.0684466257426255,interne,reference_benchlearning_statistique
TACH,1,2014,2015,9.46,6.173920672189609,interne,reference_benchlearning_statistique
TACH,1,2015,2016,9.3,5.853870212736312,interne,reference_benchlearning_statistique
TACH,1,2016,2017,9.22,5.541658465485634,interne,reference_benchlearning_statistique
TACH,1,2017,2018,9.272,5.258139313019974,interne,reference_benchlearning_statistique
TACH,1,2018,2019,9.191,5.782015664820722,interne,reference_benchlearning_statistique
TACH,1,2019,2020,11.189,5.837993286218174,interne,reference_benchlearning_statistique
TACH,1,2020,2021,10.551,11.103820808620268,finale,reference_benchlearning_statistique
TACH,1,2021,2022,9.413,6.160583780759527,finale,reference_benchlearning_statistique
TACH,1,2022,2023,8.896,6.054011004259339,finale,reference_benchlearning_statistique
TACH,1,2023,2024,9.103,7.011383766164348,finale,reference_benchlearning_statistique
TACH,2,2007,2009,8.96,4.681275450147336,interne,reference_benchlearning_statistique
TACH,2,2008,2010,9.09,4.609214237760346,interne,reference_benchlearning_statistique
TACH,2,2009,2011,8.91,5.0266929770042115,interne,reference_benchlearning_statistique
TACH,2,2010,2012,8.99,4.265381997803882,interne,reference_benchlearning_statistique
TACH,2,2011,2013,9.23,3.8755274749954856,interne,reference_benchlearning_statistique
TACH,2,2012,2014,9.7,5.732060683655018,interne,reference_benchlearning_statistique
TACH,2,2013,2015,9.46,6.22032627165386,interne,reference_benchlearning_statistique
TACH,2,2014,2016,9.3,6.083436973875631,interne,reference_benchlearning_statistique
TACH,2,2015,2017,9.22,5.721189801581206,interne,reference_benchlearning_statistique
TACH,2,2016,2018,9.272,5.440724522474923,interne,reference_benchlearning_statistique
TACH,2,2017,2019,9.191,5.507990376851662,interne,reference_benchlearning_statistique
TACH,2,2018,2020,11.189,5.666231867296171,interne,reference_benchlearning_statistique
TACH,2,2019,2021,10.551,5.9459846759999095,finale,reference_benchlearning_statistique
TACH,2,2020,2022,9.413,6.581095689790197,finale,reference_benchlearning_statistique
TACH,2,2021,2023,8.896,6.616447858465676,finale,reference_benchlearning_statistique
TACH,2,2022,2024,9.103,7.01646720068069,finale,reference_benchlearning_statistique
TACH,3,2008,2011,8.91,4.575013672192288,interne,reference_benchlearning_statistique
TACH,3,2009,2012,8.99,4.06149855744041,interne,reference_benchlearning_statistique
TACH,3,2010,2013,9.23,3.278325010884206,interne,reference_benchlearning_statistique
TACH,3,2011,2014,9.7,3.4942611782147663,interne,reference_benchlearning_statistique
TACH,3,2012,2015,9.46,5.007832662473961,interne,reference_benchlearning_statistique
TACH,3,2013,2016,9.3,5.670539838019837,interne,reference_benchlearning_statistique
TACH,3,2014,2017,9.22,5.703508656650565,interne,reference_benchlearning_statistique
TACH,3,2015,2018,9.272,5.482531239737966,interne,reference_benchlearning_statistique
TACH,3,2016,2019,9.191,5.537319153864718,interne,reference_benchlearning_statistique
TACH,3,2017,2020,11.189,5.7864596155207035,interne,reference_benchlearning_statistique
TACH,3,2018,2021,10.551,6.18273903719065,finale,reference_benchlearning_statistique
TACH,3,2019,2022,9.413,6.508096903876256,finale,reference_benchlearning_statistique
TACH,3,2020,2023,8.896,6.935023163734717,finale,reference_benchlearning_statistique
TACH,3,2021,2024,9.103,7.280939839585875,finale,reference_benchlearning_statistique
TACH,4,2009,2013,9.23,5.09538240624499,interne,reference_benchlearning_statistique
TACH,4,2010,2014,9.7,4.2635977970808305,interne,reference_benchlearning_statistique
TACH,4,2011,2015,9.46,5.011383561527024,interne,reference_benchlearning_statistique
TACH,4,2012,2016,9.3,5.467679631097107,interne,reference_benchlearning_statistique
TACH,4,2013,2017,9.22,5.339286977626088,interne,reference_benchlearning_statistique
TACH,4,2014,2018,9.272,5.7695661331892705,interne,reference_benchlearning_statistique
TACH,4,2015,2019,9.191,6.379673742972898,interne,reference_benchlearning_statistique
TACH,4,2016,2020,11.189,6.492506932755285,interne,reference_benchlearning_statistique
TACH,4,2017,2021,10.551,6.801090578084426,finale,reference_benchlearning_statistique
TACH,4,2018,2022,9.413,6.8708733202830015,finale,reference_benchlearning_statistique
TACH,4,2019,2023,8.896,7.249688006093702,finale,reference_benchlearning_statistique
TACH,4,2020,2024,9.103,7.9157406029841155,finale,reference_benchlearning_statistique
TACH,5,2010,2015,9.46,5.517640299294644,interne,reference_benchlearning_statistique
TACH,5,2011,2016,9.3,6.516455783906329,interne,reference_benchlearning_statistique
TACH,5,2012,2017,9.22,6.387971462878939,interne,reference_benchlearning_statistique
TACH,5,2013,2018,9.272,5.999800397453232,interne,reference_benchlearning_statistique
TACH,5,2014,2019,9.191,6.199691930301149,interne,reference_benchlearning_statistique
TACH,5,2015,2020,11.189,6.857451669676745,interne,reference_benchlearning_statistique
TACH,5,2016,2021,10.551,7.185514396564381,finale,reference_benchlearning_statistique
TACH,5,2017,2022,9.413,7.379381550091085,finale,reference_benchlearning_statistique
TACH,5,2018,2023,8.896,7.137829393203363,finale,reference_benchlearning_statistique
TACH,5,2019,2024,9.103,7.9533598646981805,finale,reference_benchlearning_statistique
FBCF,1,2006,2007,29.2312467118594,22.868389496249392,interne,reference_benchlearning_statistique
FBCF,1,2007,2008,31.2682859914516,19.353360838446047,interne,reference_benchlearning_statistique
FBCF,1,2008,2009,29.0773587614193,21.96959656003302,interne,reference_benchlearning_statistique
FBCF,1,2009,2010,28.3317038596937,16.91889862203119,interne,reference_benchlearning_statistique
FBCF,1,2010,2011,29.0032363847791,19.467551577373484,interne,reference_benchlearning_statistique
FBCF,1,2011,2012,29.9543707765302,23.587411012400125,interne,reference_benchlearning_statistique
FBCF,1,2012,2013,28.4213229777508,21.361564353052643,interne,reference_benchlearning_statistique
FBCF,1,2013,2014,27.0159188539863,21.8962570236328,interne,reference_benchlearning_statistique
FBCF,1,2014,2015,25.8697787535513,21.133282499449315,interne,reference_benchlearning_statistique
FBCF,1,2015,2016,28.6835994366913,22.083469121729877,interne,reference_benchlearning_statistique
FBCF,1,2016,2017,28.135469298761,21.984270739398497,interne,reference_benchlearning_statistique
FBCF,1,2017,2018,27.858575328575,21.767220089511845,interne,reference_benchlearning_statistique
FBCF,1,2018,2019,27.1927093583345,21.699039173972587,interne,reference_benchlearning_statistique
FBCF,1,2019,2020,26.2256860657523,20.995606652383348,interne,reference_benchlearning_statistique
FBCF,1,2020,2021,26.2880092874382,19.838799345379,finale,reference_benchlearning_statistique
FBCF,1,2021,2022,26.6163194327275,21.54375161178558,finale,reference_benchlearning_statistique
FBCF,1,2022,2023,25.0759750041054,22.958682920710416,finale,reference_benchlearning_statistique
FBCF,1,2023,2024,26.4589344056453,22.24427117543449,finale,reference_benchlearning_statistique
FBCF,2,2007,2009,29.0773587614193,22.605060350356776,interne,reference_benchlearning_statistique
FBCF,2,2008,2010,28.3317038596937,21.64605635432582,interne,reference_benchlearning_statistique
FBCF,2,2009,2011,29.0032363847791,20.377426125961247,interne,reference_benchlearning_statistique
FBCF,2,2010,2012,29.9543707765302,21.887368160131047,interne,reference_benchlearning_statistique
FBCF,2,2011,2013,28.4213229777508,22.390368119517184,interne,reference_benchlearning_statistique
FBCF,2,2012,2014,27.0159188539863,21.990285261163848,interne,reference_benchlearning_statistique
FBCF,2,2013,2015,25.8697787535513,21.378874834266217,interne,reference_benchlearning_statistique
FBCF,2,2014,2016,28.6835994366913,21.684018740990425,interne,reference_benchlearning_statistique
FBCF,2,2015,2017,28.135469298761,21.994431629608634,interne,reference_benchlearning_statistique
FBCF,2,2016,2018,27.858575328575,22.06378142927217,interne,reference_benchlearning_statistique
FBCF,2,2017,2019,27.1927093583345,21.873774778042314,interne,reference_benchlearning_statistique
FBCF,2,2018,2020,26.2256860657523,21.54624936597608,interne,reference_benchlearning_statistique
FBCF,2,2019,2021,26.2880092874382,20.66113096186324,finale,reference_benchlearning_statistique
FBCF,2,2020,2022,26.6163194327275,20.0596186622845,finale,reference_benchlearning_statistique
FBCF,2,2021,2023,25.0759750041054,21.03247218387706,finale,reference_benchlearning_statistique
FBCF,2,2022,2024,26.4589344056453,20.158162377756614,finale,reference_benchlearning_statistique
FBCF,3,2008,2011,29.0032363847791,22.811287557402395,interne,reference_benchlearning_statistique
FBCF,3,2009,2012,29.9543707765302,21.547348951972246,interne,reference_benchlearning_statistique
FBCF,3,2010,2013,28.4213229777508,22.773111521507936,interne,reference_benchlearning_statistique
FBCF,3,2011,2014,27.0159188539863,22.29895841781598,interne,reference_benchlearning_statistique
FBCF,3,2012,2015,25.8697787535513,21.163511039070688,interne,reference_benchlearning_statistique
FBCF,3,2013,2016,28.6835994366913,21.01321842897194,interne,reference_benchlearning_statistique
FBCF,3,2014,2017,28.135469298761,21.234810974013982,interne,reference_benchlearning_statistique
FBCF,3,2015,2018,27.858575328575,21.53419811388282,interne,reference_benchlearning_statistique
FBCF,3,2016,2019,27.1927093583345,21.724749062612858,interne,reference_benchlearning_statistique
FBCF,3,2017,2020,26.2256860657523,21.90139885718224,interne,reference_benchlearning_statistique
FBCF,3,2018,2021,26.2880092874382,21.928677568650052,finale,reference_benchlearning_statistique
FBCF,3,2019,2022,26.6163194327275,21.881769368104734,finale,reference_benchlearning_statistique
FBCF,3,2020,2023,25.0759750041054,21.49353523014257,finale,reference_benchlearning_statistique
FBCF,3,2021,2024,26.4589344056453,21.732628974307474,finale,reference_benchlearning_statistique
FBCF,4,2009,2013,28.4213229777508,22.030377235515072,interne,reference_benchlearning_statistique
FBCF,4,2010,2014,27.0159188539863,22.679695494465143,interne,reference_benchlearning_statistique
FBCF,4,2011,2015,25.8697787535513,22.01032973434598,interne,reference_benchlearning_statistique
FBCF,4,2012,2016,28.6835994366913,21.891291592141457,interne,reference_benchlearning_statistique
FBCF,4,2013,2017,28.135469298761,20.20132101505848,interne,reference_benchlearning_statistique
FBCF,4,2014,2018,27.858575328575,20.526707727520765,interne,reference_benchlearning_statistique
FBCF,4,2015,2019,27.1927093583345,20.971704928116303,interne,reference_benchlearning_statistique
FBCF,4,2016,2020,26.2256860657523,21.437423566184062,interne,reference_benchlearning_statistique
FBCF,4,2017,2021,26.2880092874382,21.728815756059078,finale,reference_benchlearning_statistique
FBCF,4,2018,2022,26.6163194327275,21.94081527764682,finale,reference_benchlearning_statistique
FBCF,4,2019,2023,25.0759750041054,21.97013126695147,finale,reference_benchlearning_statistique
FBCF,4,2020,2024,26.4589344056453,21.78084738887103,finale,reference_benchlearning_statistique
FBCF,5,2010,2015,25.8697787535513,22.810024379876353,interne,reference_benchlearning_statistique
FBCF,5,2011,2016,28.6835994366913,21.266772309483343,interne,reference_benchlearning_statistique
FBCF,5,2012,2017,28.135469298761,19.313494625921955,interne,reference_benchlearning_statistique
FBCF,5,2013,2018,27.858575328575,18.982414419742067,interne,reference_benchlearning_statistique
FBCF,5,2014,2019,27.1927093583345,19.75906086820782,interne,reference_benchlearning_statistique
FBCF,5,2015,2020,26.2256860657523,20.44518145351959,interne,reference_benchlearning_statistique
FBCF,5,2016,2021,26.2880092874382,21.176225508344515,finale,reference_benchlearning_statistique
FBCF,5,2017,2022,26.6163194327275,20.981124906130695,finale,reference_benchlearning_statistique
FBCF,5,2018,2023,25.0759750041054,20.799973427953987,finale,reference_benchlearning_statistique
FBCF,5,2019,2024,26.4589344056453,20.975388531868518,finale,reference_benchlearning_statistique
