cible,horizon,modele,bloc,baseline_comparaison,n_previsions,rmse_modele,mae_modele,rmse_baseline,mae_baseline,biais_moyen_modele,gain_rmse_vs_baseline_pct,seuil_gain_atteint,statut,dm_pvalue_hln,dm_statut,rmse_relative_modele,rmse_relative_baseline,derive_systematique,famille,verdict
CROISSANCE_PIB,1,elasticnet,interne,random_walk,14,3.449017248547998,2.031902962817964,3.627852535279644,2.7107134567026288,1.7873879865223563,4.929508159235595,False,evalue,0.6933209406844223,calcule,,,,variation,baseline non battue au seuil de 10% sur ce bloc
CROISSANCE_PIB,1,elasticnet,finale,random_walk,4,2.7949578677992566,2.546991838568589,8.347697811477595,5.913916388708702,-1.8793592213216528,66.51821938311718,True,evalue,,non_calcule,,,,variation,"gain >= seuil observe, DM non significatif ou non calcule (n insuffisant) : amelioration observee non confirmee statistiquement"
CROISSANCE_PIB,1,panel_avec_effets_fixes,interne,random_walk,14,3.186870951591089,1.7612306972998586,3.627852535279644,2.7107134567026288,1.1279413561321676,12.155444009924809,True,evalue,0.1940294098555743,calcule,,,,variation,"gain >= seuil observe, DM non significatif ou non calcule (n insuffisant) : amelioration observee non confirmee statistiquement"
CROISSANCE_PIB,1,panel_avec_effets_fixes,finale,random_walk,4,3.8946161562292994,2.675188550097446,8.347697811477595,5.913916388708702,-1.1053929715770785,53.34502704596673,True,evalue,,non_calcule,,,,variation,"gain >= seuil observe, DM non significatif ou non calcule (n insuffisant) : amelioration observee non confirmee statistiquement"
CROISSANCE_PIB,1,panel_leave_one_country_out,interne,random_walk,14,3.169134248958452,1.863747625373388,3.627852535279644,2.7107134567026288,0.8994431678236274,12.644347637074842,True,evalue,0.1237538832332774,calcule,,,,variation,"gain >= seuil observe, DM non significatif ou non calcule (n insuffisant) : amelioration observee non confirmee statistiquement"
CROISSANCE_PIB,1,panel_leave_one_country_out,finale,random_walk,4,4.257119807817869,2.9895075262772552,8.347697811477595,5.913916388708702,-1.1204162882006703,49.00246865711192,True,evalue,,non_calcule,,,,variation,"gain >= seuil observe, DM non significatif ou non calcule (n insuffisant) : amelioration observee non confirmee statistiquement"
CROISSANCE_PIB,2,elasticnet,interne,random_walk,12,3.532430471332079,2.0039698479186527,3.3141496888808413,2.045023081502236,1.6824839842504995,-6.586328408266589,False,evalue,0.5035959501766367,calcule,,,,variation,baseline non battue au seuil de 10% sur ce bloc
CROISSANCE_PIB,2,elasticnet,finale,random_walk,4,2.424917629048194,1.6175512148029,5.759956850247763,5.183607881795228,-1.6175512148029,57.900420227212514,True,evalue,,non_calcule,,,,variation,"gain >= seuil observe, DM non significatif ou non calcule (n insuffisant) : amelioration observee non confirmee statistiquement"
CROISSANCE_PIB,2,panel_avec_effets_fixes,interne,random_walk,12,3.607527141035195,2.1790256717443297,3.3141496888808413,2.045023081502236,1.6572767542853304,-8.852269200110404,False,evalue,0.3307137426370821,calcule,,,,variation,baseline non battue au seuil de 10% sur ce bloc
CROISSANCE_PIB,2,panel_avec_effets_fixes,finale,random_walk,4,2.2358724110500723,1.6057996040334006,5.759956850247763,5.183607881795228,-0.524635716397597,61.182479848718025,True,evalue,,non_calcule,,,,variation,"gain >= seuil observe, DM non significatif ou non calcule (n insuffisant) : amelioration observee non confirmee statistiquement"
CROISSANCE_PIB,2,panel_leave_one_country_out,interne,random_walk,12,3.54056610855574,2.058404618436882,3.3141496888808413,2.045023081502236,1.4570072785442625,-6.831810296153448,False,evalue,0.4760991915949266,calcule,,,,variation,baseline non battue au seuil de 10% sur ce bloc
CROISSANCE_PIB,2,panel_leave_one_country_out,finale,random_walk,4,2.198295153541491,1.5881642863041407,5.759956850247763,5.183607881795228,-0.5173872701874793,61.83486767879291,True,evalue,,non_calcule,,,,variation,"gain >= seuil observe, DM non significatif ou non calcule (n insuffisant) : amelioration observee non confirmee statistiquement"
CROISSANCE_PIB,3,elasticnet,interne,random_walk,10,3.994646864107989,2.412278447798922,4.310514174317494,2.737813401450416,2.2162239341032794,7.327833697693802,False,evalue,0.3764073826709078,calcule,,,,variation,baseline non battue au seuil de 10% sur ce bloc
CROISSANCE_PIB,3,elasticnet,finale,random_walk,4,2.301136561885377,1.6388042742362638,6.392486355306372,5.340651299623541,-0.5038206533500326,64.0024798805364,True,evalue,,non_calcule,,,,variation,"gain >= seuil observe, DM non significatif ou non calcule (n insuffisant) : amelioration observee non confirmee statistiquement"
CROISSANCE_PIB,3,panel_avec_effets_fixes,interne,random_walk,10,3.900200185843564,2.2037789006460864,4.310514174317494,2.737813401450416,1.9797359099172716,9.518910549433416,False,evalue,0.2649884483796958,calcule,,,,variation,baseline non battue au seuil de 10% sur ce bloc
CROISSANCE_PIB,3,panel_avec_effets_fixes,finale,random_walk,4,2.2920770530820684,1.648928105867066,6.392486355306372,5.340651299623541,-0.5233564327728505,64.1442010872745,True,evalue,,non_calcule,,,,variation,"gain >= seuil observe, DM non significatif ou non calcule (n insuffisant) : amelioration observee non confirmee statistiquement"
CROISSANCE_PIB,3,panel_leave_one_country_out,interne,random_walk,10,3.835304298990433,2.159414721380093,4.310514174317494,2.737813401450416,1.811812102923529,11.024435974678203,True,evalue,0.2408801616470208,calcule,,,,variation,"gain >= seuil observe, DM non significatif ou non calcule (n insuffisant) : amelioration observee non confirmee statistiquement"
CROISSANCE_PIB,3,panel_leave_one_country_out,finale,random_walk,4,2.3170067461750574,1.7162075200625386,6.392486355306372,5.340651299623541,-0.6517231065569462,63.75421678840626,True,evalue,,non_calcule,,,,variation,"gain >= seuil observe, DM non significatif ou non calcule (n insuffisant) : amelioration observee non confirmee statistiquement"
CROISSANCE_PIB,4,elasticnet,interne,random_walk,8,4.314940419782277,2.6521304829188224,2.978878911301762,1.9141325779479,2.5035205754278875,-44.851152002572,False,evalue,0.4634257776037196,calcule,,,,variation,baseline non battue au seuil de 10% sur ce bloc
CROISSANCE_PIB,4,elasticnet,finale,random_walk,4,2.331005210143555,1.7674353483654777,5.74718252915529,4.02150789896993,-0.5140996978389838,59.44090520322899,True,evalue,,non_calcule,,,,variation,"gain >= seuil observe, DM non significatif ou non calcule (n insuffisant) : amelioration observee non confirmee statistiquement"
CROISSANCE_PIB,4,panel_avec_effets_fixes,interne,random_walk,8,4.428752736034439,2.668384267646952,2.978878911301762,1.9141325779479,2.5450620204464447,-48.6717945879541,False,evalue,0.4711622334947924,calcule,,,,variation,baseline non battue au seuil de 10% sur ce bloc
CROISSANCE_PIB,4,panel_avec_effets_fixes,finale,random_walk,4,2.3276219692232143,1.8249461347088929,5.74718252915529,4.02150789896993,-0.3872855510436518,59.49977302068873,True,evalue,,non_calcule,,,,variation,"gain >= seuil observe, DM non significatif ou non calcule (n insuffisant) : amelioration observee non confirmee statistiquement"
CROISSANCE_PIB,4,panel_leave_one_country_out,interne,random_walk,8,4.3532242324794685,2.570714779028751,2.978878911301762,1.9141325779479,2.399989456840483,-46.1363271922027,False,evalue,0.4898491879127964,calcule,,,,variation,baseline non battue au seuil de 10% sur ce bloc
CROISSANCE_PIB,4,panel_leave_one_country_out,finale,random_walk,4,2.379494261247248,1.853867564542452,5.74718252915529,4.02150789896993,-0.4705691550711005,58.5972039486106,True,evalue,,non_calcule,,,,variation,"gain >= seuil observe, DM non significatif ou non calcule (n insuffisant) : amelioration observee non confirmee statistiquement"
CROISSANCE_PIB,5,elasticnet,interne,random_walk,6,5.0907356418096485,3.2344632044066155,5.22257040052508,3.4325221207452308,2.881270193488428,2.5243270766091856,False,evalue,,non_calcule,,,,variation,baseline non battue au seuil de 10% sur ce bloc
CROISSANCE_PIB,5,elasticnet,finale,random_walk,4,2.687739118156121,1.9092615318877515,4.182251468879381,3.09278807756803,-0.687794623256679,35.73463628010174,True,evalue,,non_calcule,,,,variation,"gain >= seuil observe, DM non significatif ou non calcule (n insuffisant) : amelioration observee non confirmee statistiquement"
CROISSANCE_PIB,5,panel_avec_effets_fixes,interne,random_walk,6,5.178912682857823,3.39982616249999,5.22257040052508,3.4325221207452308,3.3165934669958403,0.8359431145795071,False,evalue,,non_calcule,,,,variation,baseline non battue au seuil de 10% sur ce bloc
CROISSANCE_PIB,5,panel_avec_effets_fixes,finale,random_walk,4,2.2626876872665327,1.8174295311669844,4.182251468879381,3.09278807756803,-0.0539087892582688,45.89785659462481,True,evalue,,non_calcule,,,,variation,"gain >= seuil observe, DM non significatif ou non calcule (n insuffisant) : amelioration observee non confirmee statistiquement"
CROISSANCE_PIB,5,panel_leave_one_country_out,interne,random_walk,6,4.820362783743507,3.0667557492912523,5.22257040052508,3.4325221207452308,2.585566087014929,7.701334514152935,False,evalue,,non_calcule,,,,variation,baseline non battue au seuil de 10% sur ce bloc
CROISSANCE_PIB,5,panel_leave_one_country_out,finale,random_walk,4,2.2488652482640887,1.6753222592559922,4.182251468879381,3.09278807756803,-0.3239203470189848,46.228358935416566,True,evalue,,non_calcule,,,,variation,"gain >= seuil observe, DM non significatif ou non calcule (n insuffisant) : amelioration observee non confirmee statistiquement"
INFLATION_CPI,1,elasticnet,interne,random_walk,14,0.9053905302208094,0.7356780560232902,1.1946497616750913,0.943202261282393,0.3345082215774683,24.212889897428504,True,evalue,0.231816457051982,calcule,,,,variation,"gain >= seuil observe, DM non significatif ou non calcule (n insuffisant) : amelioration observee non confirmee statistiquement"
INFLATION_CPI,1,elasticnet,finale,random_walk,4,3.565462936097415,2.9150510281605144,3.690887629316112,2.905714700459643,-1.9325387622696724,3.398225733627587,False,evalue,,non_calcule,,,,variation,baseline non battue au seuil de 10% sur ce bloc
INFLATION_CPI,1,panel_avec_effets_fixes,interne,random_walk,14,1.5972912707799247,1.3224674678604458,1.1946497616750913,0.943202261282393,0.7496315882034834,-33.7037282408415,False,evalue,0.0768373903310821,calcule,,,,variation,baseline non battue au seuil de 10% sur ce bloc
INFLATION_CPI,1,panel_avec_effets_fixes,finale,random_walk,4,3.81823018719129,2.6567027752778,3.690887629316112,2.905714700459643,-2.5050003814924717,-3.450187886071532,False,evalue,,non_calcule,,,,variation,baseline non battue au seuil de 10% sur ce bloc
INFLATION_CPI,1,panel_leave_one_country_out,interne,random_walk,14,1.994551843026462,1.7095566449683317,1.1946497616750913,0.943202261282393,1.4161492263810245,-66.95703686658584,False,evalue,0.0104487761647737,calcule,,,,variation,baseline non battue au seuil de 10% sur ce bloc
INFLATION_CPI,1,panel_leave_one_country_out,finale,random_walk,4,3.2353910647256248,2.3834539150126184,3.690887629316112,2.905714700459643,-1.1292934478232586,12.341111687404222,True,evalue,,non_calcule,,,,variation,"gain >= seuil observe, DM non significatif ou non calcule (n insuffisant) : amelioration observee non confirmee statistiquement"
INFLATION_CPI,2,elasticnet,interne,random_walk,12,0.8883691352967805,0.7450063672876533,1.0767703800423227,0.8337813644749147,0.7176279317489062,17.496882180037034,True,evalue,0.4945940040049958,calcule,,,,variation,"gain >= seuil observe, DM non significatif ou non calcule (n insuffisant) : amelioration observee non confirmee statistiquement"
INFLATION_CPI,2,elasticnet,finale,random_walk,4,3.4715486774825624,2.678678458206757,4.763919623027292,4.352653572572399,-2.1863329556247275,27.128311302688942,True,evalue,,non_calcule,,,,variation,"gain >= seuil observe, DM non significatif ou non calcule (n insuffisant) : amelioration observee non confirmee statistiquement"
INFLATION_CPI,2,panel_avec_effets_fixes,interne,random_walk,12,1.813937175063978,1.5795058108069766,1.0767703800423227,0.8337813644749147,1.5795058108069766,-68.46090946453046,False,evalue,0.0556147324291491,calcule,,,,variation,baseline non battue au seuil de 10% sur ce bloc
INFLATION_CPI,2,panel_avec_effets_fixes,finale,random_walk,4,3.7609868001628985,3.129656660398492,4.763919623027292,4.352653572572399,-2.039267419577305,21.052681451981908,True,evalue,,non_calcule,,,,variation,"gain >= seuil observe, DM non significatif ou non calcule (n insuffisant) : amelioration observee non confirmee statistiquement"
INFLATION_CPI,2,panel_leave_one_country_out,interne,random_walk,12,2.9349488190385298,2.8318309647931748,1.0767703800423227,0.8337813644749147,2.8318309647931748,-172.5696094020687,False,evalue,0.0006159174782165,calcule,,,,variation,baseline non battue au seuil de 10% sur ce bloc
INFLATION_CPI,2,panel_leave_one_country_out,finale,random_walk,4,3.578505636171591,3.3084185176620977,4.763919623027292,4.352653572572399,-0.5117921058764299,24.883165138340743,True,evalue,,non_calcule,,,,variation,"gain >= seuil observe, DM non significatif ou non calcule (n insuffisant) : amelioration observee non confirmee statistiquement"
INFLATION_CPI,3,elasticnet,interne,random_walk,10,0.8741548157995385,0.707637428502292,1.0514085961781887,0.693000045455179,0.6558556074476327,16.858696136112812,True,evalue,0.6807050561955643,calcule,,,,variation,"gain >= seuil observe, DM non significatif ou non calcule (n insuffisant) : amelioration observee non confirmee statistiquement"
INFLATION_CPI,3,elasticnet,finale,random_walk,4,3.4864503503916766,2.6081774539159714,4.174453321029221,3.1393722435294724,-2.303805047857033,16.48127114445528,True,evalue,,non_calcule,,,,variation,"gain >= seuil observe, DM non significatif ou non calcule (n insuffisant) : amelioration observee non confirmee statistiquement"
INFLATION_CPI,3,panel_avec_effets_fixes,interne,random_walk,10,1.638506102361951,1.4327454037788157,1.0514085961781887,0.693000045455179,1.4327454037788157,-55.83913887691509,False,evalue,0.011890612882895,calcule,,,,variation,baseline non battue au seuil de 10% sur ce bloc
INFLATION_CPI,3,panel_avec_effets_fixes,finale,random_walk,4,3.617576790100734,2.755497798377057,4.174453321029221,3.1393722435294724,-2.333511136056276,13.340106790107496,True,evalue,,non_calcule,,,,variation,"gain >= seuil observe, DM non significatif ou non calcule (n insuffisant) : amelioration observee non confirmee statistiquement"
INFLATION_CPI,3,panel_leave_one_country_out,interne,random_walk,10,3.66051453269832,3.5192996002473493,1.0514085961781887,0.693000045455179,3.5192996002473493,-248.15337690828144,False,evalue,0.0033473191829969,calcule,,,,variation,baseline non battue au seuil de 10% sur ce bloc
INFLATION_CPI,3,panel_leave_one_country_out,finale,random_walk,4,2.973782423706595,2.899407967554349,4.174453321029221,3.1393722435294724,-0.64257830168311,28.76235053998873,True,evalue,,non_calcule,,,,variation,"gain >= seuil observe, DM non significatif ou non calcule (n insuffisant) : amelioration observee non confirmee statistiquement"
INFLATION_CPI,4,elasticnet,interne,random_walk,8,0.852982986395326,0.6558924965945793,0.9509284351486202,0.8913339496344459,0.6067696287178174,10.299981064083584,True,evalue,0.6670407357310308,calcule,,,,variation,"gain >= seuil observe, DM non significatif ou non calcule (n insuffisant) : amelioration observee non confirmee statistiquement"
INFLATION_CPI,4,elasticnet,finale,random_walk,4,3.4291967369341574,2.574577586272331,3.793017672579275,2.891866081396356,-2.256049639181642,9.591859755235914,False,evalue,,non_calcule,,,,variation,baseline non battue au seuil de 10% sur ce bloc
INFLATION_CPI,4,panel_avec_effets_fixes,interne,random_walk,8,1.463584344495814,1.3312512179088258,0.9509284351486202,0.8913339496344459,1.3312512179088258,-53.911092612039816,False,evalue,0.0818616026493204,calcule,,,,variation,baseline non battue au seuil de 10% sur ce bloc
INFLATION_CPI,4,panel_avec_effets_fixes,finale,random_walk,4,3.1678682032604506,2.4732592213654114,3.793017672579275,2.891866081396356,-1.9652153110030084,16.481585989914958,True,evalue,,non_calcule,,,,variation,"gain >= seuil observe, DM non significatif ou non calcule (n insuffisant) : amelioration observee non confirmee statistiquement"
INFLATION_CPI,4,panel_leave_one_country_out,interne,random_walk,8,3.565253882545214,3.494498818291524,0.9509284351486202,0.8913339496344459,3.494498818291524,-274.9234696076789,False,evalue,0.0003253771558744,calcule,,,,variation,baseline non battue au seuil de 10% sur ce bloc
INFLATION_CPI,4,panel_leave_one_country_out,finale,random_walk,4,2.4130115951127182,2.349968458356739,3.793017672579275,2.891866081396356,-0.2615062634217304,36.38280115178436,True,evalue,,non_calcule,,,,variation,"gain >= seuil observe, DM non significatif ou non calcule (n insuffisant) : amelioration observee non confirmee statistiquement"
INFLATION_CPI,5,elasticnet,interne,random_walk,6,0.8130125844105677,0.6613849542795235,0.5602882552033347,0.4821325870327538,0.6550591596901302,-45.10612650902642,False,evalue,,non_calcule,,,,variation,baseline non battue au seuil de 10% sur ce bloc
INFLATION_CPI,5,elasticnet,finale,random_walk,4,3.4070132088602465,2.5858579054330137,3.665302599944413,2.776206612738551,-2.206568085231483,7.046877687208787,False,evalue,,non_calcule,,,,variation,baseline non battue au seuil de 10% sur ce bloc
INFLATION_CPI,5,panel_avec_effets_fixes,interne,random_walk,6,1.3901111987998844,1.3109964599357864,0.5602882552033347,0.4821325870327538,1.3109964599357864,-148.10643198212284,False,evalue,,non_calcule,,,,variation,baseline non battue au seuil de 10% sur ce bloc
INFLATION_CPI,5,panel_avec_effets_fixes,finale,random_walk,4,3.143862528695037,2.6016122705938685,3.665302599944413,2.776206612738551,-1.747192226875267,14.226385326474368,True,evalue,,non_calcule,,,,variation,"gain >= seuil observe, DM non significatif ou non calcule (n insuffisant) : amelioration observee non confirmee statistiquement"
INFLATION_CPI,5,panel_leave_one_country_out,interne,random_walk,6,3.7020038693368633,3.6734033422983408,0.5602882552033347,0.4821325870327538,3.6734033422983408,-560.7320133800351,False,evalue,,non_calcule,,,,variation,baseline non battue au seuil de 10% sur ce bloc
INFLATION_CPI,5,panel_leave_one_country_out,finale,random_walk,4,2.576142673855406,2.5541646227944814,3.665302599944413,2.776206612738551,-0.1297204859449009,29.71541629620225,True,evalue,,non_calcule,,,,variation,"gain >= seuil observe, DM non significatif ou non calcule (n insuffisant) : amelioration observee non confirmee statistiquement"
SOBG,1,elasticnet,interne,random_walk,14,2.169654487225204,1.6265915910070292,1.5847366275448431,1.215113902885264,0.5020044028670286,,,evalue,0.1767591677153355,calcule,0.5488187015597595,0.4008624891033525,False,niveau_ratio,baseline non battue (RMSE relative) sur ce bloc
SOBG,1,elasticnet,finale,random_walk,4,0.9654632775796912,0.7570044238720348,0.8605043503644926,0.8062164712203501,0.6800194052423538,,,evalue,,non_calcule,0.1968475923071537,0.1754475944064067,True,niveau_ratio,baseline non battue (RMSE relative) sur ce bloc
SOBG,1,panel_avec_effets_fixes,interne,random_walk,14,1.5391075236898546,1.2188695064641035,1.5847366275448431,1.215113902885264,0.7952368605862953,,,evalue,0.8250872971720151,calcule,0.3893205105632316,0.4008624891033525,True,niveau_ratio,RMSE relative < baseline MAIS derive systematique detectee (biais > 0.5*RMSE) : a ne pas retenir tel quel
SOBG,1,panel_avec_effets_fixes,finale,random_walk,4,0.5163423327739393,0.4216493603037624,0.8605043503644926,0.8062164712203501,0.195373998146601,,,evalue,,non_calcule,0.1052766556462003,0.1754475944064067,False,niveau_ratio,"RMSE relative < baseline et pas de derive, DM non significatif ou non calcule"
SOBG,1,panel_leave_one_country_out,interne,random_walk,14,1.575873619155384,1.217223171736297,1.5847366275448431,1.215113902885264,0.8161353403465421,,,evalue,0.9669578271920924,calcule,0.3986205723443218,0.4008624891033525,True,niveau_ratio,RMSE relative < baseline MAIS derive systematique detectee (biais > 0.5*RMSE) : a ne pas retenir tel quel
SOBG,1,panel_leave_one_country_out,finale,random_walk,4,0.5378096466322179,0.4400586694839248,0.8605043503644926,0.8062164712203501,0.1973391237355071,,,evalue,,non_calcule,0.1096536103625907,0.1754475944064067,False,niveau_ratio,"RMSE relative < baseline et pas de derive, DM non significatif ou non calcule"
SOBG,2,elasticnet,interne,random_walk,12,2.4921269003019133,1.994975256309128,2.441382425038673,1.9353863860503775,1.994975256309128,,,evalue,0.8938539150539402,calcule,0.5476768983612853,0.5365251480961704,True,niveau_ratio,baseline non battue (RMSE relative) sur ce bloc
SOBG,2,elasticnet,finale,random_walk,4,1.4112288587831392,1.0554847103780518,1.7363432573303874,1.71595280901455,1.0058719070196886,,,evalue,,non_calcule,0.2877344063693849,0.3540217401961567,True,niveau_ratio,RMSE relative < baseline MAIS derive systematique detectee (biais > 0.5*RMSE) : a ne pas retenir tel quel
SOBG,2,panel_avec_effets_fixes,interne,random_walk,12,2.190474082231696,1.8249220125188808,2.441382425038673,1.9353863860503775,1.8249220125188808,,,evalue,0.568105745689568,calcule,0.4813848167812409,0.5365251480961704,True,niveau_ratio,RMSE relative < baseline MAIS derive systematique detectee (biais > 0.5*RMSE) : a ne pas retenir tel quel
SOBG,2,panel_avec_effets_fixes,finale,random_walk,4,1.5302253468066138,0.9398638450658476,1.7363432573303874,1.71595280901455,0.9398638450658476,,,evalue,,non_calcule,0.3119965121422216,0.3540217401961567,True,niveau_ratio,RMSE relative < baseline MAIS derive systematique detectee (biais > 0.5*RMSE) : a ne pas retenir tel quel
SOBG,2,panel_leave_one_country_out,interne,random_walk,12,1.9193113572336564,1.3656897536135002,2.441382425038673,1.9353863860503775,1.3085061972002092,,,evalue,0.2421228421164181,calcule,0.4217933248070044,0.5365251480961704,True,niveau_ratio,RMSE relative < baseline MAIS derive systematique detectee (biais > 0.5*RMSE) : a ne pas retenir tel quel
SOBG,2,panel_leave_one_country_out,finale,random_walk,4,1.5598794110620595,1.0356247137307035,1.7363432573303874,1.71595280901455,1.0356247137307035,,,evalue,,non_calcule,0.3180426573311299,0.3540217401961567,True,niveau_ratio,RMSE relative < baseline MAIS derive systematique detectee (biais > 0.5*RMSE) : a ne pas retenir tel quel
SOBG,3,elasticnet,interne,random_walk,10,4.2735660167791165,3.666902134471032,3.0817461151153283,2.30970990540076,3.666902134471032,,,evalue,0.1282107718097065,calcule,0.8713947150419277,0.6283785642409294,True,niveau_ratio,baseline non battue (RMSE relative) sur ce bloc
SOBG,3,elasticnet,finale,random_walk,4,5.429462509414609,4.20915279314592,2.221192730353471,2.17698335828525,-1.6888307710462058,,,evalue,,non_calcule,1.10700908809243,0.4528773400023423,False,niveau_ratio,baseline non battue (RMSE relative) sur ce bloc
SOBG,3,panel_avec_effets_fixes,interne,random_walk,10,3.094721740102306,2.408751838585506,3.0817461151153283,2.30970990540076,2.3982205452940453,,,evalue,0.9707230663150626,calcule,0.631024338517874,0.6283785642409294,True,niveau_ratio,baseline non battue (RMSE relative) sur ce bloc
SOBG,3,panel_avec_effets_fixes,finale,random_walk,4,2.079718457746889,1.6276823204160962,2.221192730353471,2.17698335828525,1.6276823204160962,,,evalue,,non_calcule,0.4240322553857368,0.4528773400023423,True,niveau_ratio,RMSE relative < baseline MAIS derive systematique detectee (biais > 0.5*RMSE) : a ne pas retenir tel quel
SOBG,3,panel_leave_one_country_out,interne,random_walk,10,3.170741605798603,2.3679771677481964,3.0817461151153283,2.30970990540076,2.282278628970304,,,evalue,0.7262732172949087,calcule,0.6465250489189447,0.6283785642409294,True,niveau_ratio,baseline non battue (RMSE relative) sur ce bloc
SOBG,3,panel_leave_one_country_out,finale,random_walk,4,2.154918689105749,1.8037795746696297,2.221192730353471,2.17698335828525,1.8037795746696297,,,evalue,,non_calcule,0.4393647748379959,0.4528773400023423,True,niveau_ratio,RMSE relative < baseline MAIS derive systematique detectee (biais > 0.5*RMSE) : a ne pas retenir tel quel
SOBG,4,elasticnet,interne,random_walk,8,3.804881905746688,3.5929180929799323,1.8777319909875068,1.7069751462322498,3.5929180929799323,,,evalue,0.0,calcule,0.8377169684183413,0.4134183372725455,True,niveau_ratio,baseline non battue (RMSE relative) sur ce bloc
SOBG,4,elasticnet,finale,random_walk,4,1.835175393935811,1.772387267906217,2.293082881583889,2.0731287284470747,0.7463816055742005,,,evalue,,non_calcule,0.374172551299113,0.4675349696698124,False,niveau_ratio,"RMSE relative < baseline et pas de derive, DM non significatif ou non calcule"
SOBG,4,panel_avec_effets_fixes,interne,random_walk,8,2.7305877275124204,2.2768314890157875,1.8777319909875068,1.7069751462322498,2.2768314890157875,,,evalue,0.2925772158686606,calcule,0.6011907149173742,0.4134183372725455,True,niveau_ratio,baseline non battue (RMSE relative) sur ce bloc
SOBG,4,panel_avec_effets_fixes,finale,random_walk,4,2.27022927510433,2.0790644728224,2.293082881583889,2.0731287284470747,2.0790644728224,,,evalue,,non_calcule,0.4628753647780406,0.4675349696698124,True,niveau_ratio,RMSE relative < baseline MAIS derive systematique detectee (biais > 0.5*RMSE) : a ne pas retenir tel quel
SOBG,4,panel_leave_one_country_out,interne,random_walk,8,3.063327812834145,2.6425903797464683,1.8777319909875068,1.7069751462322498,2.6425903797464683,,,evalue,0.2260070192454835,calcule,0.6744497601261042,0.4134183372725455,True,niveau_ratio,baseline non battue (RMSE relative) sur ce bloc
SOBG,4,panel_leave_one_country_out,finale,random_walk,4,2.666784871363358,2.537258212995673,2.293082881583889,2.0731287284470747,2.537258212995673,,,evalue,,non_calcule,0.5437287914720188,0.4675349696698124,True,niveau_ratio,baseline non battue (RMSE relative) sur ce bloc
SOBG,5,elasticnet,interne,random_walk,6,1.4826135164624863,1.1433455110098096,1.9540602951802648,1.7148597074213334,1.0075099804175884,,,evalue,,non_calcule,0.3312569352268693,0.436591206975081,True,niveau_ratio,RMSE relative < baseline MAIS derive systematique detectee (biais > 0.5*RMSE) : a ne pas retenir tel quel
SOBG,5,elasticnet,finale,random_walk,4,4.241823220301879,3.941671950595328,1.3341264375105308,1.1260826492632998,-3.941671950595328,,,evalue,,non_calcule,0.8648621934147881,0.2720140508250364,True,niveau_ratio,baseline non battue (RMSE relative) sur ce bloc
SOBG,5,panel_avec_effets_fixes,interne,random_walk,6,2.7707776740602528,2.404438057041578,1.9540602951802648,1.7148597074213334,2.404438057041578,,,evalue,,non_calcule,0.6190684964846376,0.436591206975081,True,niveau_ratio,baseline non battue (RMSE relative) sur ce bloc
SOBG,5,panel_avec_effets_fixes,finale,random_walk,4,2.6202633040459182,2.5084501138340185,1.3341264375105308,1.1260826492632998,2.5084501138340185,,,evalue,,non_calcule,0.5342435435817515,0.2720140508250364,True,niveau_ratio,baseline non battue (RMSE relative) sur ce bloc
SOBG,5,panel_leave_one_country_out,interne,random_walk,6,2.828215962194446,2.400488381324854,1.9540602951802648,1.7148597074213334,2.400488381324854,,,evalue,,non_calcule,0.6319018013754554,0.436591206975081,True,niveau_ratio,baseline non battue (RMSE relative) sur ce bloc
SOBG,5,panel_leave_one_country_out,finale,random_walk,4,2.693832896110827,2.601928955907776,1.3341264375105308,1.1260826492632998,2.601928955907776,,,evalue,,non_calcule,0.5492435931965868,0.2720140508250364,True,niveau_ratio,baseline non battue (RMSE relative) sur ce bloc
DETTE_PUBLIQUE,1,elasticnet,interne,random_walk,14,4.746268649200645,3.574059192095539,4.144186978682999,2.8285714285714296,-1.3908595612232248,,,evalue,0.1103573751582791,calcule,0.0868144252532127,0.0758016954553984,False,niveau_ratio,baseline non battue (RMSE relative) sur ce bloc
DETTE_PUBLIQUE,1,elasticnet,finale,random_walk,4,4.246362902425523,3.563899193435251,2.2433234274174554,2.125,3.086693042840043,,,evalue,,non_calcule,0.0612750779570782,0.0323711894288233,True,niveau_ratio,baseline non battue (RMSE relative) sur ce bloc
DETTE_PUBLIQUE,1,panel_avec_effets_fixes,interne,random_walk,14,4.184986451623992,2.3324325674141515,4.144186978682999,2.8285714285714296,-1.5688644018961828,,,evalue,0.9516497229055828,calcule,0.0765479622716695,0.0758016954553984,False,niveau_ratio,baseline non battue (RMSE relative) sur ce bloc
DETTE_PUBLIQUE,1,panel_avec_effets_fixes,finale,random_walk,4,4.292054632042518,3.7315990959510863,2.2433234274174554,2.125,-0.4282090796520599,,,evalue,,non_calcule,0.0619344102747838,0.0323711894288233,False,niveau_ratio,baseline non battue (RMSE relative) sur ce bloc
DETTE_PUBLIQUE,1,panel_leave_one_country_out,interne,random_walk,14,3.828635903581357,2.334424188300764,4.144186978682999,2.8285714285714296,0.3799292808896791,,,evalue,0.3448977576271468,calcule,0.0700299224590266,0.0758016954553984,False,niveau_ratio,"RMSE relative < baseline et pas de derive, DM non significatif ou non calcule"
DETTE_PUBLIQUE,1,panel_leave_one_country_out,finale,random_walk,4,5.4191342198584005,4.0641203797502925,2.2433234274174554,2.125,2.7003987660885045,,,evalue,,non_calcule,0.0781981849907417,0.0323711894288233,False,niveau_ratio,baseline non battue (RMSE relative) sur ce bloc
DETTE_PUBLIQUE,2,elasticnet,interne,random_walk,12,8.356960322466884,7.6193082127968195,5.572850856309244,4.366666666666666,-6.77076834197027,,,evalue,0.02617047016841,calcule,0.1482826022025767,0.0988824638114903,True,niveau_ratio,baseline non battue (RMSE relative) sur ce bloc
DETTE_PUBLIQUE,2,elasticnet,finale,random_walk,4,9.944051128381028,9.21584590901614,4.940394721072401,3.575000000000003,2.919413075346325,,,evalue,,non_calcule,0.1434928012753395,0.0712899671150418,False,niveau_ratio,baseline non battue (RMSE relative) sur ce bloc
DETTE_PUBLIQUE,2,panel_avec_effets_fixes,interne,random_walk,12,6.844376560171538,5.632752816746979,5.572850856309244,4.366666666666666,-5.632752816746979,,,evalue,0.1772271059058092,calcule,0.1214439135325424,0.0988824638114903,True,niveau_ratio,baseline non battue (RMSE relative) sur ce bloc
DETTE_PUBLIQUE,2,panel_avec_effets_fixes,finale,random_walk,4,6.952225818138909,5.254567898058996,4.940394721072401,3.575000000000003,-3.896014260675054,,,evalue,,non_calcule,0.1003207188764633,0.0712899671150418,True,niveau_ratio,baseline non battue (RMSE relative) sur ce bloc
DETTE_PUBLIQUE,2,panel_leave_one_country_out,interne,random_walk,12,4.586600733258955,3.448450873414607,5.572850856309244,4.366666666666666,-1.4071669213710445,,,evalue,0.2190383376941793,calcule,0.0813828312865702,0.0988824638114903,False,niveau_ratio,"RMSE relative < baseline et pas de derive, DM non significatif ou non calcule"
DETTE_PUBLIQUE,2,panel_leave_one_country_out,finale,random_walk,4,6.9190235037528325,5.475134803976596,4.940394721072401,3.575000000000003,0.955497455181229,,,evalue,,non_calcule,0.0998416090007623,0.0712899671150418,False,niveau_ratio,baseline non battue (RMSE relative) sur ce bloc
DETTE_PUBLIQUE,3,elasticnet,interne,random_walk,10,13.1903234864319,12.792633319654955,7.563398706930636,6.3100000000000005,-12.792633319654955,,,evalue,0.0154582960503066,calcule,0.2241727309046889,0.1285417863176518,True,niveau_ratio,baseline non battue (RMSE relative) sur ce bloc
DETTE_PUBLIQUE,3,elasticnet,finale,random_walk,4,21.949340339613773,19.660215666977116,7.374957626996922,6.300000000000004,-2.848321636912029,,,evalue,,non_calcule,0.3167292978299246,0.1064207449783105,False,niveau_ratio,baseline non battue (RMSE relative) sur ce bloc
DETTE_PUBLIQUE,3,panel_avec_effets_fixes,interne,random_walk,10,10.55316014219999,9.154764607269511,7.563398706930636,6.3100000000000005,-9.154764607269511,,,evalue,0.0646420518719697,calcule,0.1793535034364376,0.1285417863176518,True,niveau_ratio,baseline non battue (RMSE relative) sur ce bloc
DETTE_PUBLIQUE,3,panel_avec_effets_fixes,finale,random_walk,4,10.888597960126024,9.80462045333535,7.374957626996922,6.300000000000004,-7.28855329373653,,,evalue,,non_calcule,0.1571226256872442,0.1064207449783105,True,niveau_ratio,baseline non battue (RMSE relative) sur ce bloc
DETTE_PUBLIQUE,3,panel_leave_one_country_out,interne,random_walk,10,7.711061359023277,7.170827879662156,7.563398706930636,6.3100000000000005,-2.2923828412403813,,,evalue,0.9003715034238222,calcule,0.1310513487257524,0.1285417863176518,False,niveau_ratio,baseline non battue (RMSE relative) sur ce bloc
DETTE_PUBLIQUE,3,panel_leave_one_country_out,finale,random_walk,4,9.940801197363127,8.284241650185924,7.374957626996922,6.300000000000004,-0.5252723078142605,,,evalue,,non_calcule,0.1434459047238546,0.1064207449783105,False,niveau_ratio,baseline non battue (RMSE relative) sur ce bloc
DETTE_PUBLIQUE,4,elasticnet,interne,random_walk,8,17.884038125440814,17.489547533402202,9.406713028470678,8.0625,-17.489547533402202,,,evalue,0.2504636406872473,calcule,0.2934816512892851,0.1543665727749034,True,niveau_ratio,baseline non battue (RMSE relative) sur ce bloc
DETTE_PUBLIQUE,4,elasticnet,finale,random_walk,4,16.765650080476178,16.433247853309783,8.550292392661207,8.225000000000005,-10.835370199475346,,,evalue,,non_calcule,0.2419285725898438,0.1233808426069438,True,niveau_ratio,baseline non battue (RMSE relative) sur ce bloc
DETTE_PUBLIQUE,4,panel_avec_effets_fixes,interne,random_walk,8,13.31501176466616,11.7930261149781,9.406713028470678,8.0625,-11.7930261149781,,,evalue,0.3172389737024308,calcule,0.2185027571637523,0.1543665727749034,True,niveau_ratio,baseline non battue (RMSE relative) sur ce bloc
DETTE_PUBLIQUE,4,panel_avec_effets_fixes,finale,random_walk,4,11.814492137981947,11.225581126231807,8.550292392661207,8.225000000000005,-8.728532688007887,,,evalue,,non_calcule,0.1704832920343715,0.1233808426069438,True,niveau_ratio,baseline non battue (RMSE relative) sur ce bloc
DETTE_PUBLIQUE,4,panel_leave_one_country_out,interne,random_walk,8,10.540166814595066,9.308465975400235,9.406713028470678,8.0625,-1.135276055810901,,,evalue,0.0038112076329723,calcule,0.1729668400343805,0.1543665727749034,False,niveau_ratio,baseline non battue (RMSE relative) sur ce bloc
DETTE_PUBLIQUE,4,panel_leave_one_country_out,finale,random_walk,4,10.286750970222023,8.46139983055562,8.550292392661207,8.225000000000005,0.7695318060158911,,,evalue,,non_calcule,0.1484379649382687,0.1233808426069438,False,niveau_ratio,baseline non battue (RMSE relative) sur ce bloc
DETTE_PUBLIQUE,5,elasticnet,interne,random_walk,6,17.396383212166633,16.8991381887683,9.770278058138024,8.583333333333334,-16.8991381887683,,,evalue,,non_calcule,0.2807377602824093,0.1576698987327277,True,niveau_ratio,baseline non battue (RMSE relative) sur ce bloc
DETTE_PUBLIQUE,5,elasticnet,finale,random_walk,4,16.031883769594202,15.322254832841333,9.106316489118974,9.000000000000005,-15.322254832841333,,,evalue,,non_calcule,0.2313403141355584,0.1314042783422651,True,niveau_ratio,baseline non battue (RMSE relative) sur ce bloc
DETTE_PUBLIQUE,5,panel_avec_effets_fixes,interne,random_walk,6,14.723174812937902,12.912802235469297,9.770278058138024,8.583333333333334,-12.912802235469297,,,evalue,,non_calcule,0.2375983025218596,0.1576698987327277,True,niveau_ratio,baseline non battue (RMSE relative) sur ce bloc
DETTE_PUBLIQUE,5,panel_avec_effets_fixes,finale,random_walk,4,10.906924923315644,10.743440611564544,9.106316489118974,9.000000000000005,-10.743440611564544,,,evalue,,non_calcule,0.1573870840305287,0.1314042783422651,True,niveau_ratio,baseline non battue (RMSE relative) sur ce bloc
DETTE_PUBLIQUE,5,panel_leave_one_country_out,interne,random_walk,6,11.175263095625608,9.35689809732524,9.770278058138024,8.583333333333334,0.0064986985347405,,,evalue,,non_calcule,0.1803431376378527,0.1576698987327277,False,niveau_ratio,baseline non battue (RMSE relative) sur ce bloc
DETTE_PUBLIQUE,5,panel_leave_one_country_out,finale,random_walk,4,3.6348124139108577,3.5536603272838114,9.106316489118974,9.000000000000005,-2.2251379904047788,,,evalue,,non_calcule,0.0524503955831292,0.1314042783422651,True,niveau_ratio,RMSE relative < baseline MAIS derive systematique detectee (biais > 0.5*RMSE) : a ne pas retenir tel quel
BALANCE_COURANTE,1,elasticnet,interne,random_walk,14,3.858166744283741,3.1196119153738544,2.2557858897319925,1.9856437587801763,2.517653500365322,,,evalue,0.0433569827469111,calcule,0.8979907487759936,0.5250355918908876,True,niveau_ratio,baseline non battue (RMSE relative) sur ce bloc
BALANCE_COURANTE,1,elasticnet,finale,random_walk,4,1.2189765809171702,1.0968181993912651,1.584866977999292,1.3306872350097825,-0.2342470435972669,,,evalue,,non_calcule,0.5879007424552226,0.7643661803227548,False,niveau_ratio,"RMSE relative < baseline et pas de derive, DM non significatif ou non calcule"
BALANCE_COURANTE,1,panel_avec_effets_fixes,interne,random_walk,14,2.407318885101174,1.9125285247061108,2.2557858897319925,1.9856437587801763,1.121047553533002,,,evalue,0.5234866543318832,calcule,0.5603049923587264,0.5250355918908876,False,niveau_ratio,baseline non battue (RMSE relative) sur ce bloc
BALANCE_COURANTE,1,panel_avec_effets_fixes,finale,random_walk,4,1.314580545013235,1.1064015777228426,1.584866977999292,1.3306872350097825,0.1199413735861344,,,evalue,,non_calcule,0.6340096196507544,0.7643661803227548,False,niveau_ratio,"RMSE relative < baseline et pas de derive, DM non significatif ou non calcule"
BALANCE_COURANTE,1,panel_leave_one_country_out,interne,random_walk,14,2.394479379464347,1.9454484267218,2.2557858897319925,1.9856437587801763,1.084412592227872,,,evalue,0.4846235578742841,calcule,0.5573165893049157,0.5250355918908876,False,niveau_ratio,baseline non battue (RMSE relative) sur ce bloc
BALANCE_COURANTE,1,panel_leave_one_country_out,finale,random_walk,4,1.313580805385422,1.1676865844136035,1.584866977999292,1.3306872350097825,0.253184683009187,,,evalue,,non_calcule,0.6335274547932385,0.7643661803227548,False,niveau_ratio,"RMSE relative < baseline et pas de derive, DM non significatif ou non calcule"
BALANCE_COURANTE,2,elasticnet,interne,random_walk,12,4.407630059822854,3.32814507664714,3.0175619873686945,2.4657629101889302,2.399803090052437,,,evalue,0.3032574169981015,calcule,0.9519299309670284,0.6517124929581904,True,niveau_ratio,baseline non battue (RMSE relative) sur ce bloc
BALANCE_COURANTE,2,elasticnet,finale,random_walk,4,1.1934409494602627,1.1735198790165275,1.9448959421294687,1.831797525401375,-0.5509369135103855,,,evalue,,non_calcule,0.5755851517149285,0.938004705156644,False,niveau_ratio,"RMSE relative < baseline et pas de derive, DM non significatif ou non calcule"
BALANCE_COURANTE,2,panel_avec_effets_fixes,interne,random_walk,12,3.400984990881877,2.676442781602542,3.0175619873686945,2.4657629101889302,1.8280016604521123,,,evalue,0.6261333108642373,calcule,0.7345215827210785,0.6517124929581904,True,niveau_ratio,baseline non battue (RMSE relative) sur ce bloc
BALANCE_COURANTE,2,panel_avec_effets_fixes,finale,random_walk,4,1.5530332893819545,1.4085691203691129,1.9448959421294687,1.831797525401375,-0.3014907668528019,,,evalue,,non_calcule,0.7490130968704544,0.938004705156644,False,niveau_ratio,"RMSE relative < baseline et pas de derive, DM non significatif ou non calcule"
BALANCE_COURANTE,2,panel_leave_one_country_out,interne,random_walk,12,3.180314610003821,2.5160542312749654,3.0175619873686945,2.4657629101889302,1.206391902722148,,,evalue,0.7897527957804233,calcule,0.6868626962935369,0.6517124929581904,False,niveau_ratio,baseline non battue (RMSE relative) sur ce bloc
BALANCE_COURANTE,2,panel_leave_one_country_out,finale,random_walk,4,1.5607168609485955,1.346553456298744,1.9448959421294687,1.831797525401375,-0.1061974715070814,,,evalue,,non_calcule,0.7527188099247095,0.938004705156644,False,niveau_ratio,"RMSE relative < baseline et pas de derive, DM non significatif ou non calcule"
BALANCE_COURANTE,3,elasticnet,interne,random_walk,10,4.478775567428899,3.743664346577922,3.348047487992333,2.9149213943091508,1.1241526797189718,,,evalue,0.5661291783853009,calcule,0.9578959910730932,0.7160620616922906,False,niveau_ratio,baseline non battue (RMSE relative) sur ce bloc
BALANCE_COURANTE,3,elasticnet,finale,random_walk,4,1.4513694128069283,1.2809950973146536,1.3837900672361274,0.9903469284497975,-1.2809950973146536,,,evalue,,non_calcule,0.6999815818643469,0.6673887100588698,True,niveau_ratio,baseline non battue (RMSE relative) sur ce bloc
BALANCE_COURANTE,3,panel_avec_effets_fixes,interne,random_walk,10,3.54130259793498,2.825675879552719,3.348047487992333,2.9149213943091508,2.6037502899349,,,evalue,0.9045762571994296,calcule,0.7573944062765318,0.7160620616922906,True,niveau_ratio,baseline non battue (RMSE relative) sur ce bloc
BALANCE_COURANTE,3,panel_avec_effets_fixes,finale,random_walk,4,1.3315245031391485,1.00586918266578,1.3837900672361274,0.9903469284497975,1.00586918266578,,,evalue,,non_calcule,0.6421815285440816,0.6673887100588698,True,niveau_ratio,RMSE relative < baseline MAIS derive systematique detectee (biais > 0.5*RMSE) : a ne pas retenir tel quel
BALANCE_COURANTE,3,panel_leave_one_country_out,interne,random_walk,10,3.637389600632225,2.867231209499498,3.348047487992333,2.9149213943091508,2.6451111226128483,,,evalue,0.864889933788684,calcule,0.7779449682085193,0.7160620616922906,True,niveau_ratio,baseline non battue (RMSE relative) sur ce bloc
BALANCE_COURANTE,3,panel_leave_one_country_out,finale,random_walk,4,1.4874214384632916,1.1959006693215557,1.3837900672361274,0.9903469284497975,1.1959006693215557,,,evalue,,non_calcule,0.7173691289117587,0.6673887100588698,True,niveau_ratio,baseline non battue (RMSE relative) sur ce bloc
BALANCE_COURANTE,4,elasticnet,interne,random_walk,8,5.361092682441037,5.137258471459848,3.248134037669326,2.805425503420193,4.630189628470308,,,evalue,0.0185981874780452,calcule,1.4043922495647363,0.8508814412014942,True,niveau_ratio,baseline non battue (RMSE relative) sur ce bloc
BALANCE_COURANTE,4,elasticnet,finale,random_walk,4,1.8990595987427263,1.7028547891322825,1.3839392756205324,1.1083247898876574,-1.7028547891322825,,,evalue,,non_calcule,0.9158982752790308,0.6674606718351217,True,niveau_ratio,baseline non battue (RMSE relative) sur ce bloc
BALANCE_COURANTE,4,panel_avec_effets_fixes,interne,random_walk,8,2.362103061448937,1.962063713657444,3.248134037669326,2.805425503420193,1.5775304879615806,,,evalue,0.3585963753149159,calcule,0.6187766988317699,0.8508814412014942,True,niveau_ratio,RMSE relative < baseline MAIS derive systematique detectee (biais > 0.5*RMSE) : a ne pas retenir tel quel
BALANCE_COURANTE,4,panel_avec_effets_fixes,finale,random_walk,4,1.3310681462617913,1.0396781381234663,1.3839392756205324,1.1083247898876574,1.0396781381234663,,,evalue,,non_calcule,0.6419614319883128,0.6674606718351217,True,niveau_ratio,RMSE relative < baseline MAIS derive systematique detectee (biais > 0.5*RMSE) : a ne pas retenir tel quel
BALANCE_COURANTE,4,panel_leave_one_country_out,interne,random_walk,8,2.438734755299196,1.9684832733097168,3.248134037669326,2.805425503420193,1.5603819691273957,,,evalue,0.4355003456287718,calcule,0.6388511432200953,0.8508814412014942,True,niveau_ratio,RMSE relative < baseline MAIS derive systematique detectee (biais > 0.5*RMSE) : a ne pas retenir tel quel
BALANCE_COURANTE,4,panel_leave_one_country_out,finale,random_walk,4,1.5302722536347606,1.2882466103079968,1.3839392756205324,1.1083247898876574,1.2882466103079968,,,evalue,,non_calcule,0.7380356670950956,0.6674606718351217,True,niveau_ratio,baseline non battue (RMSE relative) sur ce bloc
BALANCE_COURANTE,5,elasticnet,interne,random_walk,6,9.301703199238013,8.443637311757486,3.1397633005130854,2.692847325692941,8.443637311757486,,,evalue,,non_calcule,3.06248188488471,1.0337319977522872,True,niveau_ratio,baseline non battue (RMSE relative) sur ce bloc
BALANCE_COURANTE,5,elasticnet,finale,random_walk,4,2.1916051174749325,1.766585735461397,2.3266476207571976,1.9890892798601327,-1.286228485472685,,,evalue,,non_calcule,1.0569901800432773,1.1221198873612968,True,niveau_ratio,RMSE relative < baseline MAIS derive systematique detectee (biais > 0.5*RMSE) : a ne pas retenir tel quel
BALANCE_COURANTE,5,panel_avec_effets_fixes,interne,random_walk,6,1.0287468950401786,0.7556838170872361,3.1397633005130854,2.692847325692941,0.3254626414091152,,,evalue,,non_calcule,0.3387034248147185,1.0337319977522872,False,niveau_ratio,"RMSE relative < baseline et pas de derive, DM non significatif ou non calcule"
BALANCE_COURANTE,5,panel_avec_effets_fixes,finale,random_walk,4,1.3106950499397856,0.9546410719697578,2.3266476207571976,1.9890892798601327,0.7845063496125375,,,evalue,,non_calcule,0.6321356825511849,1.1221198873612968,True,niveau_ratio,RMSE relative < baseline MAIS derive systematique detectee (biais > 0.5*RMSE) : a ne pas retenir tel quel
BALANCE_COURANTE,5,panel_leave_one_country_out,interne,random_walk,6,0.9714383202543704,0.7171795677394744,3.1397633005130854,2.692847325692941,0.2607244130983547,,,evalue,,non_calcule,0.3198352166628527,1.0337319977522872,False,niveau_ratio,"RMSE relative < baseline et pas de derive, DM non significatif ou non calcule"
BALANCE_COURANTE,5,panel_leave_one_country_out,finale,random_walk,4,1.5365888639660372,1.1140042675571191,2.3266476207571976,1.9890892798601327,1.0933852443248986,,,evalue,,non_calcule,0.7410821078238943,1.1221198873612968,True,niveau_ratio,RMSE relative < baseline MAIS derive systematique detectee (biais > 0.5*RMSE) : a ne pas retenir tel quel
TACH,1,elasticnet,interne,random_walk,14,0.678481968027582,0.4826622637616716,0.5861112156774145,0.3172142857142853,0.1242257334429927,-15.759935977919712,False,evalue,0.0123176507729763,calcule,,,,variation,baseline non battue au seuil de 10% sur ce bloc
TACH,1,elasticnet,finale,random_walk,4,1.2803118166120746,1.1850712873168665,0.7092647601566002,0.6249999999999996,0.7535799492969297,-80.51253756487093,False,evalue,,non_calcule,,,,variation,baseline non battue au seuil de 10% sur ce bloc
TACH,1,panel_avec_effets_fixes,interne,random_walk,14,0.6020133096095466,0.3491120493216794,0.5861112156774145,0.3172142857142853,-0.1447265854845076,-2.7131529830482344,False,evalue,0.5527709581428351,calcule,,,,variation,baseline non battue au seuil de 10% sur ce bloc
TACH,1,panel_avec_effets_fixes,finale,random_walk,4,0.804538120099621,0.680907608353976,0.7092647601566002,0.6249999999999996,0.5011744567767313,-13.43269330369454,False,evalue,,non_calcule,,,,variation,baseline non battue au seuil de 10% sur ce bloc
TACH,1,panel_leave_one_country_out,interne,random_walk,14,0.5782074789288032,0.4146929094677742,0.5861112156774145,0.3172142857142853,0.0372043691565218,1.3485046075216915,False,evalue,0.9167228769762028,calcule,,,,variation,baseline non battue au seuil de 10% sur ce bloc
TACH,1,panel_leave_one_country_out,finale,random_walk,4,1.0292295724759035,0.8500889947277748,0.7092647601566002,0.6249999999999996,0.7520759289851058,-45.11218240261331,False,evalue,,non_calcule,,,,variation,baseline non battue au seuil de 10% sur ce bloc
TACH,2,elasticnet,interne,random_walk,12,0.7200644252766386,0.5433899658692649,0.6555159545477642,0.4253333333333333,0.1576558886181892,-9.846971729834692,False,evalue,0.5705131586782284,calcule,,,,variation,baseline non battue au seuil de 10% sur ce bloc
TACH,2,elasticnet,finale,random_walk,4,1.738535760630715,1.537519661607475,1.399901871561003,1.2752499999999998,0.9092968254838388,-24.18983044090855,False,evalue,,non_calcule,,,,variation,baseline non battue au seuil de 10% sur ce bloc
TACH,2,panel_avec_effets_fixes,interne,random_walk,12,0.75212908293696,0.4387017079100612,0.6555159545477642,0.4253333333333333,-0.4324131421115786,-14.738486183124024,False,evalue,0.4037969396436431,calcule,,,,variation,baseline non battue au seuil de 10% sur ce bloc
TACH,2,panel_avec_effets_fixes,finale,random_walk,4,1.2089940225334783,1.0261378882620955,1.399901871561003,1.2752499999999998,0.1896502446273182,13.637230787801354,True,evalue,,non_calcule,,,,variation,"gain >= seuil observe, DM non significatif ou non calcule (n insuffisant) : amelioration observee non confirmee statistiquement"
TACH,2,panel_leave_one_country_out,interne,random_walk,12,0.6676889312185392,0.379869728518542,0.6555159545477642,0.4253333333333333,-0.2296285610732275,-1.857006925052349,False,evalue,0.8560945730216938,calcule,,,,variation,baseline non battue au seuil de 10% sur ce bloc
TACH,2,panel_leave_one_country_out,finale,random_walk,4,1.3892043786439046,1.212931787654969,1.399901871561003,1.2752499999999998,0.5203785897065707,0.7641601982551723,False,evalue,,non_calcule,,,,variation,baseline non battue au seuil de 10% sur ce bloc
TACH,3,elasticnet,interne,random_walk,10,0.6373851711959398,0.4986912424918081,0.7389577795787792,0.4905999999999998,0.1856111071849511,13.745387245363023,True,evalue,0.689408514224165,calcule,,,,variation,"gain >= seuil observe, DM non significatif ou non calcule (n insuffisant) : amelioration observee non confirmee statistiquement"
TACH,3,elasticnet,finale,random_walk,4,1.5134788403677877,1.2300394559981864,1.5033028636971324,1.3104999999999998,0.8145516744786079,-0.6769079549033188,False,evalue,,non_calcule,,,,variation,baseline non battue au seuil de 10% sur ce bloc
TACH,3,panel_avec_effets_fixes,interne,random_walk,10,0.8160965676317664,0.5668054642619371,0.7389577795787792,0.4905999999999998,-0.5668054642619371,-10.438862704301984,False,evalue,0.3546890478868019,calcule,,,,variation,baseline non battue au seuil de 10% sur ce bloc
TACH,3,panel_avec_effets_fixes,finale,random_walk,4,1.26776472581434,1.1222891476361596,1.5033028636971324,1.3104999999999998,0.0416334930025348,15.668042918745195,True,evalue,,non_calcule,,,,variation,"gain >= seuil observe, DM non significatif ou non calcule (n insuffisant) : amelioration observee non confirmee statistiquement"
TACH,3,panel_leave_one_country_out,interne,random_walk,10,0.8244458887497966,0.6387902995837417,0.7389577795787792,0.4905999999999998,-0.6387902995837417,-11.568740668749356,False,evalue,0.2808347386769203,calcule,,,,variation,baseline non battue au seuil de 10% sur ce bloc
TACH,3,panel_leave_one_country_out,finale,random_walk,4,1.6754358033071053,1.408724942060437,1.5033028636971324,1.3104999999999998,0.4146828564939024,-11.450316750321324,False,evalue,,non_calcule,,,,variation,baseline non battue au seuil de 10% sur ce bloc
TACH,4,elasticnet,interne,random_walk,8,0.7349142460584492,0.5535818795132517,0.7638362062641437,0.5419999999999998,-0.32687586672391,3.786408652602273,False,evalue,0.4982348015938176,calcule,,,,variation,baseline non battue au seuil de 10% sur ce bloc
TACH,4,elasticnet,finale,random_walk,4,0.8666018960998395,0.800852067329552,1.2479846753866812,0.96325,0.3108505871227804,30.55989282630192,True,evalue,,non_calcule,,,,variation,"gain >= seuil observe, DM non significatif ou non calcule (n insuffisant) : amelioration observee non confirmee statistiquement"
TACH,4,panel_avec_effets_fixes,interne,random_walk,8,0.9290801857517578,0.7285109416365991,0.7638362062641437,0.5419999999999998,-0.7285109416365991,-21.633431111600213,False,evalue,0.1022267261022813,calcule,,,,variation,baseline non battue au seuil de 10% sur ce bloc
TACH,4,panel_avec_effets_fixes,finale,random_walk,4,1.0686153525947322,0.8667791521335251,1.2479846753866812,0.96325,-0.1173749511205772,14.372718377841656,True,evalue,,non_calcule,,,,variation,"gain >= seuil observe, DM non significatif ou non calcule (n insuffisant) : amelioration observee non confirmee statistiquement"
TACH,4,panel_leave_one_country_out,interne,random_walk,8,1.3103716815135955,1.1698733640643195,0.7638362062641437,0.5419999999999998,-1.1698733640643195,-71.55139685280292,False,evalue,0.0653837381892508,calcule,,,,variation,baseline non battue au seuil de 10% sur ce bloc
TACH,4,panel_leave_one_country_out,finale,random_walk,4,1.4902492490081882,1.258251683504276,1.2479846753866812,0.96325,-0.1066057447185118,-19.4124638226381,False,evalue,,non_calcule,,,,variation,baseline non battue au seuil de 10% sur ce bloc
TACH,5,elasticnet,interne,random_walk,6,0.6874096140741032,0.3804097956489982,0.7737555600231033,0.5449999999999999,-0.1704500074163076,11.159331242339888,True,evalue,,non_calcule,,,,variation,"gain >= seuil observe, DM non significatif ou non calcule (n insuffisant) : amelioration observee non confirmee statistiquement"
TACH,5,elasticnet,finale,random_walk,4,0.6730670884433286,0.6007746381428953,0.6616966827784461,0.4769999999999998,0.0828533984415269,-1.718371265991322,False,evalue,,non_calcule,,,,variation,baseline non battue au seuil de 10% sur ce bloc
TACH,5,panel_avec_effets_fixes,interne,random_walk,6,0.8367904532364788,0.7024963869780532,0.7737555600231033,0.5449999999999999,-0.628544811032277,-8.14661586554459,False,evalue,,non_calcule,,,,variation,baseline non battue au seuil de 10% sur ce bloc
TACH,5,panel_avec_effets_fixes,finale,random_walk,4,0.4944141526164313,0.3944413172220145,0.6616966827784461,0.4769999999999998,-0.0411417149796076,25.28084763242276,True,evalue,,non_calcule,,,,variation,"gain >= seuil observe, DM non significatif ou non calcule (n insuffisant) : amelioration observee non confirmee statistiquement"
TACH,5,panel_leave_one_country_out,interne,random_walk,6,0.5593180687628339,0.4533462333588402,0.7737555600231033,0.5449999999999999,-0.1614550645329261,27.713854651185528,True,evalue,,non_calcule,,,,variation,"gain >= seuil observe, DM non significatif ou non calcule (n insuffisant) : amelioration observee non confirmee statistiquement"
TACH,5,panel_leave_one_country_out,finale,random_walk,4,0.7059248459044655,0.535788087098628,0.6616966827784461,0.4769999999999998,0.535788087098628,-6.684053929408647,False,evalue,,non_calcule,,,,variation,baseline non battue au seuil de 10% sur ce bloc
FBCF,1,elasticnet,interne,random_walk,14,2.6651234549610754,2.06524632368015,1.5646599021625756,1.3427704550083852,-1.7363014512306283,,,evalue,0.0920505385982077,calcule,0.0941575133243824,0.0552786721049481,True,niveau_ratio,baseline non battue (RMSE relative) sur ce bloc
FBCF,1,elasticnet,finale,random_walk,4,1.1619901710497924,0.986695830700146,1.0484404370964464,0.8284842992843018,0.986695830700146,,,evalue,,non_calcule,0.044503969651879,0.0401550396525201,True,niveau_ratio,baseline non battue (RMSE relative) sur ce bloc
FBCF,1,panel_avec_effets_fixes,interne,random_walk,14,1.5735439147108288,1.2370723693667334,1.5646599021625756,1.3427704550083852,-0.6948551991346008,,,evalue,0.9616906660394096,calcule,0.0555925399403495,0.0552786721049481,False,niveau_ratio,baseline non battue (RMSE relative) sur ce bloc
FBCF,1,panel_avec_effets_fixes,finale,random_walk,4,1.451327246056813,1.3713566038727167,1.0484404370964464,0.8284842992843018,-0.6453058886929179,,,evalue,,non_calcule,0.0555855164033826,0.0401550396525201,False,niveau_ratio,baseline non battue (RMSE relative) sur ce bloc
FBCF,1,panel_leave_one_country_out,interne,random_walk,14,1.3533238287822509,1.0540831543098117,1.5646599021625756,1.3427704550083852,-0.5542899618129817,,,evalue,0.0945206243723684,calcule,0.0478122715867322,0.0552786721049481,False,niveau_ratio,"RMSE relative < baseline, pas de derive systematique, DM significatif : resultat le plus solide obtenu a ce stade"
FBCF,1,panel_leave_one_country_out,finale,random_walk,4,1.4929932435286728,1.3926455780824156,1.0484404370964464,0.8284842992843018,-0.7870267558900164,,,evalue,,non_calcule,0.0571813150023739,0.0401550396525201,True,niveau_ratio,baseline non battue (RMSE relative) sur ce bloc
FBCF,2,elasticnet,interne,random_walk,12,1.8420081033255025,1.5313337205049755,1.8009150362029755,1.5161011140605494,-0.9827843993863932,,,evalue,0.93774110438251,calcule,0.065831119587216,0.0643625035637226,True,niveau_ratio,baseline non battue (RMSE relative) sur ce bloc
FBCF,2,elasticnet,finale,random_walk,4,1.3723461029130113,1.2363837321875923,0.7849958274408018,0.6661881870716257,1.2363837321875923,,,evalue,,non_calcule,0.052560555878659,0.0300651686663708,True,niveau_ratio,baseline non battue (RMSE relative) sur ce bloc
FBCF,2,panel_avec_effets_fixes,interne,random_walk,12,1.567948834553645,1.395185992308398,1.8009150362029755,1.5161011140605494,-0.4142688069241114,,,evalue,0.5028384111773456,calcule,0.056036576086602,0.0643625035637226,False,niveau_ratio,"RMSE relative < baseline et pas de derive, DM non significatif ou non calcule"
FBCF,2,panel_avec_effets_fixes,finale,random_walk,4,1.6032818148606942,1.3475072687875436,0.7849958274408018,0.6661881870716257,0.1012082073547766,,,evalue,,non_calcule,0.0614053431859127,0.0300651686663708,False,niveau_ratio,baseline non battue (RMSE relative) sur ce bloc
FBCF,2,panel_leave_one_country_out,interne,random_walk,12,1.5324622638699337,1.3442303396575876,1.8009150362029755,1.5161011140605494,-0.1014965240257167,,,evalue,0.2638096516011701,calcule,0.0547683293974577,0.0643625035637226,False,niveau_ratio,"RMSE relative < baseline et pas de derive, DM non significatif ou non calcule"
FBCF,2,panel_leave_one_country_out,finale,random_walk,4,2.0839722422086595,1.7472981778886387,0.7849958274408018,0.6661881870716257,0.1229170586286878,,,evalue,,non_calcule,0.0798156815206299,0.0300651686663708,False,niveau_ratio,baseline non battue (RMSE relative) sur ce bloc
FBCF,3,elasticnet,interne,random_walk,10,1.4305762210190744,1.1868530456146325,1.9413519393195091,1.6074887083716594,-0.3203023696705287,,,evalue,0.3873248913484655,calcule,0.0513929009881565,0.0697423223835921,False,niveau_ratio,"RMSE relative < baseline et pas de derive, DM non significatif ou non calcule"
FBCF,3,elasticnet,finale,random_walk,4,1.608634959890644,1.4936901853009816,1.0185717889796375,0.8668980366494505,1.4936901853009816,,,evalue,,non_calcule,0.0616103674708769,0.039011076956061,True,niveau_ratio,baseline non battue (RMSE relative) sur ce bloc
FBCF,3,panel_avec_effets_fixes,interne,random_walk,10,1.392883752223488,1.0674946227568725,1.9413519393195091,1.6074887083716594,0.0132239913183838,,,evalue,0.0739891717832283,calcule,0.0500388135314037,0.0697423223835921,False,niveau_ratio,"RMSE relative < baseline, pas de derive systematique, DM significatif : resultat le plus solide obtenu a ce stade"
FBCF,3,panel_avec_effets_fixes,finale,random_walk,4,0.5681420619583294,0.4193796280096258,1.0185717889796375,0.8668980366494505,0.3200853840589079,,,evalue,,non_calcule,0.0217597168317751,0.039011076956061,True,niveau_ratio,RMSE relative < baseline MAIS derive systematique detectee (biais > 0.5*RMSE) : a ne pas retenir tel quel
FBCF,3,panel_leave_one_country_out,interne,random_walk,10,1.681789661652804,1.469045789062394,1.9413519393195091,1.6074887083716594,-0.8458437800092916,,,evalue,0.5795022771673237,calcule,0.0604176473048446,0.0697423223835921,True,niveau_ratio,RMSE relative < baseline MAIS derive systematique detectee (biais > 0.5*RMSE) : a ne pas retenir tel quel
FBCF,3,panel_leave_one_country_out,finale,random_walk,4,0.7969857264554168,0.5674480344508481,1.0185717889796375,0.8668980366494505,-0.3990468585324702,,,evalue,,non_calcule,0.0305243791787915,0.039011076956061,True,niveau_ratio,RMSE relative < baseline MAIS derive systematique detectee (biais > 0.5*RMSE) : a ne pas retenir tel quel
FBCF,4,elasticnet,interne,random_walk,8,0.9100356792531948,0.664808399410298,1.6650208497052177,1.410675486217913,0.3207298384701755,,,evalue,0.0,calcule,0.0331822419960318,0.0607109435628901,False,niveau_ratio,"RMSE relative < baseline, pas de derive systematique, DM significatif : resultat le plus solide obtenu a ce stade"
FBCF,4,elasticnet,finale,random_walk,4,1.2390409321397675,1.0679427541586417,1.5403958353813836,1.3599246503231006,1.0679427541586417,,,evalue,,non_calcule,0.047454996965737,0.0589968239126838,True,niveau_ratio,RMSE relative < baseline MAIS derive systematique detectee (biais > 0.5*RMSE) : a ne pas retenir tel quel
FBCF,4,panel_avec_effets_fixes,interne,random_walk,8,1.0396283374118385,0.7502998003985573,1.6650208497052177,1.410675486217913,0.3515724304793526,,,evalue,0.0223118069910179,calcule,0.0379075236986767,0.0607109435628901,False,niveau_ratio,"RMSE relative < baseline, pas de derive systematique, DM significatif : resultat le plus solide obtenu a ce stade"
FBCF,4,panel_avec_effets_fixes,finale,random_walk,4,1.272087399484372,1.1716904774354706,1.5403958353813836,1.3599246503231006,0.6586294031907691,,,evalue,,non_calcule,0.0487206694442549,0.0589968239126838,True,niveau_ratio,RMSE relative < baseline MAIS derive systematique detectee (biais > 0.5*RMSE) : a ne pas retenir tel quel
FBCF,4,panel_leave_one_country_out,interne,random_walk,8,1.4992012299143522,1.4195303176293217,1.6650208497052177,1.410675486217913,-0.7099467945780114,,,evalue,0.6067565939544339,calcule,0.0546647336427408,0.0607109435628901,False,niveau_ratio,"RMSE relative < baseline et pas de derive, DM non significatif ou non calcule"
FBCF,4,panel_leave_one_country_out,finale,random_walk,4,1.509330409230555,1.080802274940483,1.5403958353813836,1.3599246503231006,-0.4494251040260231,,,evalue,,non_calcule,0.0578070248790223,0.0589968239126838,False,niveau_ratio,"RMSE relative < baseline et pas de derive, DM non significatif ou non calcule"
FBCF,5,elasticnet,interne,random_walk,6,1.1570669685085275,1.003917171301956,1.2875205763162814,0.9493181662874004,0.8502914027808934,,,evalue,,non_calcule,0.0423405432028456,0.0471142311290259,True,niveau_ratio,RMSE relative < baseline MAIS derive systematique detectee (biais > 0.5*RMSE) : a ne pas retenir tel quel
FBCF,5,elasticnet,finale,random_walk,4,1.7972473612668705,1.6686507844610654,2.0203934471780767,1.8577788231113492,1.6686507844610654,,,evalue,,non_calcule,0.0688341812310502,0.0773806275631702,True,niveau_ratio,RMSE relative < baseline MAIS derive systematique detectee (biais > 0.5*RMSE) : a ne pas retenir tel quel
FBCF,5,panel_avec_effets_fixes,interne,random_walk,6,2.8052546952517923,2.448653212197772,1.2875205763162814,0.9493181662874004,2.448653212197772,,,evalue,,non_calcule,0.1026526647566455,0.0471142311290259,True,niveau_ratio,baseline non battue (RMSE relative) sur ce bloc
FBCF,5,panel_avec_effets_fixes,finale,random_walk,4,1.9063126706685427,1.7847880713389914,2.0203934471780767,1.8577788231113492,1.7847880713389914,,,evalue,,non_calcule,0.0730113587499441,0.0773806275631702,True,niveau_ratio,RMSE relative < baseline MAIS derive systematique detectee (biais > 0.5*RMSE) : a ne pas retenir tel quel
FBCF,5,panel_leave_one_country_out,interne,random_walk,6,1.4051877451531911,1.3702394728757763,1.2875205763162814,0.9493181662874004,-0.8609305069036589,,,evalue,,non_calcule,0.0514200249865048,0.0471142311290259,True,niveau_ratio,baseline non battue (RMSE relative) sur ce bloc
FBCF,5,panel_leave_one_country_out,finale,random_walk,4,0.8960390947617363,0.7287849281865775,2.0203934471780767,1.8577788231113492,-0.0140345510618953,,,evalue,,non_calcule,0.034318101541381,0.0773806275631702,False,niveau_ratio,"RMSE relative < baseline et pas de derive, DM non significatif ou non calcule"
